Order ID,Order Date,Ship Date,Customer Name,Segment,Country,City,State,Postal Code,Region,Product ID,Category,Sub-Category,Product Name,Sales
ORD-1000,19-02-2025,10-09-2025,Evan Ramos,Corporate,India,Debramouth,Delaware,80877,West,PROD-1000,Technology,Storage,Federal Nearly,701.68
ORD-1001,13-11-2024,16-08-2025,Michael Whitney,Consumer,India,Port Tylerland,Georgia,56757,North,PROD-1001,Furniture,Storage,Three Police,101.17
ORD-1002,09-03-2025,03-09-2025,Emily Livingston,Corporate,India,Johnberg,Kansas,12615,North,PROD-1002,Technology,Accessories,Involve Responsibility,196.55
ORD-1003,29-11-2024,10-09-2025,Jeffrey Scott,Home Office,India,West Mitchell,Rhode Island,5923,East,PROD-1003,Furniture,Tables,Ten Man,268.66
ORD-1004,17-06-2025,02-09-2025,Margaret Lawson,Consumer,India,Potterhaven,Hawaii,15808,East,PROD-1004,Furniture,Phones,Watch Wrong,762.43
ORD-1005,20-06-2025,31-08-2025,David Nicholson,Corporate,India,East Rachel,Ohio,27272,East,PROD-1005,Technology,Chairs,Cost Own,179.44
ORD-1006,30-07-2025,30-08-2025,Pamela Smith,Corporate,India,Frankton,Nevada,72938,West,PROD-1006,Office Supplies,Storage,Cut Author,542.03
ORD-1007,21-05-2025,23-08-2025,Kyle Steele,Consumer,India,Port Brenda,Connecticut,6385,North,PROD-1007,Office Supplies,Phones,Plan Scene,606.6
ORD-1008,27-06-2025,09-09-2025,Christopher Lee,Consumer,India,Stephaniehaven,Nevada,28995,South,PROD-1008,Furniture,Chairs,Right Husband,288.17
ORD-1009,13-07-2025,23-08-2025,Luis Duncan,Home Office,India,Joshuaside,Nebraska,62884,West,PROD-1009,Office Supplies,Storage,Thousand Mrs,51.04
ORD-1010,19-03-2025,05-09-2025,Patricia Rodriguez,Home Office,India,Garyborough,Nevada,41604,South,PROD-1010,Technology,Tables,Difference A,326.85
ORD-1011,09-07-2025,13-09-2025,Ashley Moore,Corporate,India,Bowmanshire,Rhode Island,91179,North,PROD-1011,Office Supplies,Binders,Four Interview,326.56
ORD-1012,16-08-2024,13-09-2025,Tara Fleming,Home Office,India,New Brian,Utah,96802,West,PROD-1012,Furniture,Chairs,Manager Owner,994.3
ORD-1013,31-01-2025,13-09-2025,Tonya Hampton,Consumer,India,Carsonmouth,Montana,49037,North,PROD-1013,Office Supplies,Phones,Either Fine,835.29
ORD-1014,18-07-2025,08-09-2025,Joseph Ortiz,Home Office,India,Kimberlyville,Arkansas,87798,East,PROD-1014,Office Supplies,Binders,Save Stuff,82.32
ORD-1015,06-02-2025,28-08-2025,Franklin Ward,Corporate,India,East Marcus,Maryland,26220,South,PROD-1015,Office Supplies,Chairs,Accept Allow,204.09
ORD-1016,15-04-2025,24-08-2025,Derrick Banks,Home Office,India,Lake Jamesstad,Florida,69141,East,PROD-1016,Technology,Chairs,Practice My,863.57
ORD-1017,10-08-2025,03-09-2025,Denise Herrera,Corporate,India,Port Jamesmouth,Texas,16921,West,PROD-1017,Technology,Phones,Minute College,486.79
ORD-1018,30-06-2025,13-09-2025,Heather Morse,Consumer,India,Lake Christian,Mississippi,52855,South,PROD-1018,Furniture,Tables,Red Far,462.3
ORD-1019,21-03-2025,13-09-2025,Shawn Wright Jr.,Corporate,India,Port Connie,Kentucky,85515,South,PROD-1019,Technology,Tables,Specific Space,544.85
ORD-1020,17-05-2025,31-08-2025,Keith Munoz,Home Office,India,Lake William,Vermont,53972,West,PROD-1020,Furniture,Accessories,Year Serve,307.7
ORD-1021,21-02-2025,21-08-2025,Eric Romero,Corporate,India,Fosterchester,New York,78425,North,PROD-1021,Technology,Tables,Star Could,572.74
ORD-1022,20-05-2025,08-09-2025,Taylor Mccann,Consumer,India,East Sarafurt,Alaska,26175,North,PROD-1022,Furniture,Phones,Future Dog,342.23
ORD-1023,21-10-2024,29-08-2025,Stacy Ball,Corporate,India,Stantonside,Missouri,91605,South,PROD-1023,Technology,Tables,Different Executive,503.94
ORD-1024,03-09-2024,26-08-2025,Heather Reynolds,Consumer,India,Diazport,California,37600,North,PROD-1024,Technology,Accessories,Follow Sense,444.79
ORD-1025,07-05-2025,28-08-2025,Haley Gonzalez,Consumer,India,Hendersonshire,Nevada,56661,South,PROD-1025,Technology,Tables,Like Event,988.25
ORD-1026,03-01-2025,24-08-2025,Patricia Richard,Consumer,India,Port Dennis,Virginia,48074,South,PROD-1026,Technology,Phones,Research Board,463.48
ORD-1027,09-08-2025,02-09-2025,Lauren Salazar,Home Office,India,New Jennifer,Louisiana,66551,North,PROD-1027,Office Supplies,Accessories,However Production,189.46
ORD-1028,25-08-2024,16-08-2025,Dr. Amanda Jensen,Consumer,India,North Donna,New Hampshire,74971,South,PROD-1028,Technology,Chairs,Color Reduce,960.85
ORD-1029,11-12-2024,05-09-2025,Colleen Collins,Corporate,India,Brianaburgh,Michigan,75862,East,PROD-1029,Office Supplies,Tables,Apply What,513.34
ORD-1030,25-04-2025,29-08-2025,Jamie Graham,Corporate,India,South Caleb,New York,51264,West,PROD-1030,Technology,Storage,Memory And,872.05
ORD-1031,05-02-2025,04-09-2025,Brianna Cook,Corporate,India,Lake Connorstad,Delaware,32321,North,PROD-1031,Technology,Tables,Challenge Run,808.21
ORD-1032,07-10-2024,05-09-2025,Robert Evans,Consumer,India,Michaelburgh,Maine,97431,East,PROD-1032,Technology,Tables,First Over,984.55
ORD-1033,29-12-2024,27-08-2025,Jessica Hayes MD,Corporate,India,Roblesside,Massachusetts,71544,East,PROD-1033,Office Supplies,Phones,Prove Truth,880.92
ORD-1034,03-06-2025,28-08-2025,Anne Carter,Corporate,India,Jeromeland,Alaska,55398,South,PROD-1034,Furniture,Binders,Network When,465.95
ORD-1035,17-06-2025,29-08-2025,Pedro Page,Home Office,India,Port Don,Georgia,10960,North,PROD-1035,Technology,Chairs,Can Effect,746.75
ORD-1036,30-10-2024,26-08-2025,Anthony Rodriguez,Consumer,India,Laurenfort,Iowa,44146,South,PROD-1036,Furniture,Chairs,Western Indicate,955.73
ORD-1037,08-07-2025,09-09-2025,Justin Weaver,Corporate,India,Livingstonville,Oregon,90611,East,PROD-1037,Office Supplies,Chairs,Sign Hand,986.51
ORD-1038,29-01-2025,12-09-2025,Charles Bauer,Home Office,India,East Tonya,Minnesota,30143,West,PROD-1038,Office Supplies,Chairs,Spend Close,727.09
ORD-1039,07-07-2025,04-09-2025,Oscar Estes,Corporate,India,New Marcia,Massachusetts,58978,North,PROD-1039,Furniture,Binders,Control Candidate,369.57
ORD-1040,07-03-2025,08-09-2025,Zachary Barry,Corporate,India,Nathanland,Indiana,58837,East,PROD-1040,Furniture,Accessories,Ok Bar,62.13
ORD-1041,24-01-2025,16-08-2025,Daniel Santiago,Home Office,India,New Jamiefort,West Virginia,48184,West,PROD-1041,Office Supplies,Storage,Yes Heavy,696.82
ORD-1042,12-01-2025,27-08-2025,Pamela Costa,Corporate,India,Johnfurt,Nevada,31517,North,PROD-1042,Furniture,Phones,Speech Write,644.29
ORD-1043,22-06-2025,29-08-2025,Courtney Grant,Corporate,India,Kristinfurt,South Carolina,19187,South,PROD-1043,Furniture,Accessories,Throw Camera,783.13
ORD-1044,13-01-2025,24-08-2025,Matthew Lewis,Home Office,India,Lake Danielport,Delaware,45279,North,PROD-1044,Furniture,Storage,Plan Get,131.58
ORD-1045,01-06-2025,23-08-2025,Ana Wells,Home Office,India,Port Erinport,North Carolina,90302,South,PROD-1045,Office Supplies,Accessories,Training Maybe,430.44
ORD-1046,16-01-2025,02-09-2025,Michael Cardenas,Corporate,India,Milesberg,Maryland,69567,West,PROD-1046,Technology,Binders,Put Author,799.52
ORD-1047,18-06-2025,06-09-2025,Mrs. Kathryn Carrillo,Consumer,India,Christinaland,Delaware,54086,East,PROD-1047,Office Supplies,Chairs,Various Break,689.96
ORD-1048,19-02-2025,06-09-2025,Shannon Hill,Home Office,India,South Lauren,South Dakota,87369,North,PROD-1048,Technology,Accessories,Pressure Find,718.57
ORD-1049,03-02-2025,01-09-2025,Jennifer Thompson,Corporate,India,East Ashlee,South Carolina,47020,West,PROD-1049,Furniture,Accessories,Rather Serious,427.54
ORD-1050,09-06-2025,12-09-2025,Amanda Chandler,Consumer,India,West Andrew,Virginia,93576,South,PROD-1050,Technology,Storage,Opportunity Lay,56.54
ORD-1051,26-02-2025,28-08-2025,Carmen Ruiz,Corporate,India,Jonesberg,Arkansas,9694,West,PROD-1051,Office Supplies,Binders,Research Street,154.14
ORD-1052,30-09-2024,13-09-2025,Amanda Kennedy,Corporate,India,Rebeccatown,Hawaii,54391,West,PROD-1052,Technology,Tables,Than Region,32.65
ORD-1053,18-02-2025,28-08-2025,Kevin Perry,Consumer,India,North Carmen,Nebraska,88680,West,PROD-1053,Office Supplies,Chairs,Institution Career,178.88
ORD-1054,10-07-2025,12-09-2025,Amanda Powers,Home Office,India,North Joseph,Maryland,10417,South,PROD-1054,Office Supplies,Chairs,Occur Live,486.8
ORD-1055,28-06-2025,28-08-2025,Brianna Hughes,Home Office,India,Rachelfort,New Jersey,51107,East,PROD-1055,Technology,Accessories,Yourself Marriage,767.19
ORD-1056,29-12-2024,09-09-2025,Melanie Parks,Consumer,India,New Jessicaburgh,Texas,26638,East,PROD-1056,Technology,Tables,Above Over,653.13
ORD-1057,27-05-2025,11-09-2025,Kim Burton,Corporate,India,East Sylvia,North Carolina,82323,West,PROD-1057,Furniture,Tables,Relate Send,619.73
ORD-1058,16-05-2025,13-09-2025,Andre Davis,Consumer,India,Johnsonfurt,Oregon,80217,North,PROD-1058,Furniture,Phones,Computer Democratic,920.2
ORD-1059,15-04-2025,22-08-2025,Antonio Taylor,Home Office,India,East Jennifershire,South Carolina,60916,North,PROD-1059,Technology,Phones,Food Pay,950.72
ORD-1060,23-01-2025,05-09-2025,Tracy Brown,Home Office,India,North Joshua,Mississippi,96825,South,PROD-1060,Technology,Accessories,Growth Especially,629.51
ORD-1061,21-03-2025,22-08-2025,Michael Nichols,Home Office,India,Port Travis,North Dakota,91892,West,PROD-1061,Office Supplies,Phones,Season Rest,115.92
ORD-1062,19-12-2024,31-08-2025,Lisa Curry,Consumer,India,New Zacharystad,Louisiana,55069,North,PROD-1062,Technology,Tables,Alone Deal,738.94
ORD-1063,29-07-2025,12-09-2025,Susan Gay DDS,Home Office,India,Camachoville,Kansas,36228,South,PROD-1063,Furniture,Tables,Source Down,263.2
ORD-1064,06-10-2024,31-08-2025,John Arias,Corporate,India,Burtonburgh,Colorado,83461,South,PROD-1064,Technology,Storage,Management Policy,899.77
ORD-1065,23-02-2025,25-08-2025,Brian Farmer,Corporate,India,East Tasha,Virginia,49530,South,PROD-1065,Furniture,Phones,News Run,404.2
ORD-1066,13-05-2025,28-08-2025,Lisa Mcguire,Corporate,India,New Ashley,Missouri,27844,East,PROD-1066,Furniture,Phones,A Reason,832.31
ORD-1067,31-01-2025,15-08-2025,Paul Duran DVM,Consumer,India,Roseton,Arkansas,90968,West,PROD-1067,Office Supplies,Chairs,Defense Hit,884.92
ORD-1068,27-04-2025,29-08-2025,Donna Herrera,Home Office,India,South Austinside,Connecticut,15529,North,PROD-1068,Office Supplies,Accessories,Main Present,267.85
ORD-1069,15-04-2025,02-09-2025,Carol Roberts,Home Office,India,Port Brandonview,Vermont,47162,North,PROD-1069,Technology,Binders,Treat Left,451.14
ORD-1070,24-10-2024,11-09-2025,James Jones,Corporate,India,Traceyside,Arizona,2502,West,PROD-1070,Furniture,Binders,Owner Born,382.46
ORD-1071,27-04-2025,28-08-2025,Alejandro Cohen,Consumer,India,West Jonathan,Missouri,9840,North,PROD-1071,Furniture,Phones,Six Citizen,508.13
ORD-1072,11-04-2025,29-08-2025,Ronald Costa,Consumer,India,New Shelby,Tennessee,28073,North,PROD-1072,Technology,Phones,Training Law,876.99
ORD-1073,01-12-2024,04-09-2025,Autumn King,Corporate,India,Aprilberg,Washington,16271,West,PROD-1073,Technology,Chairs,Bag Surface,850.81
ORD-1074,31-08-2024,08-09-2025,Steven Lewis,Corporate,India,West Jasmineland,Arizona,93317,West,PROD-1074,Office Supplies,Binders,Likely Industry,807.64
ORD-1075,14-05-2025,17-08-2025,Mark Nelson,Consumer,India,Lake Brettberg,Alabama,21604,North,PROD-1075,Office Supplies,Accessories,Benefit Free,528.47
ORD-1076,10-01-2025,10-09-2025,Michael Pierce,Consumer,India,North Juan,Maryland,23509,East,PROD-1076,Furniture,Binders,Should Him,468.94
ORD-1077,26-06-2025,23-08-2025,Miguel Smith,Consumer,India,Quinnberg,Alabama,87443,East,PROD-1077,Office Supplies,Storage,Enjoy Goal,940.87
ORD-1078,09-02-2025,01-09-2025,Aaron Small,Corporate,India,Pratttown,Florida,67125,West,PROD-1078,Furniture,Chairs,Apply Wall,132.83
ORD-1079,06-08-2025,10-09-2025,Michael Gutierrez,Consumer,India,East Donna,Kentucky,89637,West,PROD-1079,Technology,Tables,Partner College,597.33
ORD-1080,01-07-2025,25-08-2025,Calvin Villarreal,Corporate,India,North Edwinton,West Virginia,53961,North,PROD-1080,Furniture,Chairs,Public Camera,741.23
ORD-1081,29-01-2025,21-08-2025,Kelly Bush,Corporate,India,Georgebury,Idaho,86343,North,PROD-1081,Technology,Accessories,Hand Structure,35.61
ORD-1082,26-01-2025,16-08-2025,Lori Miller,Consumer,India,Carpenterfurt,Hawaii,18188,South,PROD-1082,Technology,Storage,Hospital Place,268.29
ORD-1083,27-12-2024,19-08-2025,Scott Garcia,Consumer,India,Port Susan,Maine,18050,South,PROD-1083,Furniture,Tables,Party Mention,971.95
ORD-1084,23-02-2025,19-08-2025,Amy Ibarra,Consumer,India,Arnoldhaven,Alabama,66335,East,PROD-1084,Furniture,Storage,Central Whatever,747.76
ORD-1085,31-03-2025,18-08-2025,Erik Luna,Home Office,India,South Paul,Nevada,22587,East,PROD-1085,Furniture,Binders,Life Career,325.88
ORD-1086,26-08-2024,17-08-2025,Nicole Hughes PhD,Home Office,India,Middletonfurt,New Jersey,16056,North,PROD-1086,Furniture,Phones,Someone Nice,78.88
ORD-1087,24-05-2025,04-09-2025,Mark Gillespie,Corporate,India,Michaelmouth,Maine,95666,West,PROD-1087,Office Supplies,Phones,Continue Already,138.24
ORD-1088,21-03-2025,22-08-2025,Tim Cardenas,Consumer,India,Bryanbury,Nebraska,21675,South,PROD-1088,Office Supplies,Accessories,Me Put,590.1
ORD-1089,23-04-2025,27-08-2025,Ian Gentry,Home Office,India,Michelestad,Virginia,88911,West,PROD-1089,Technology,Storage,Happen Turn,865.37
ORD-1090,19-09-2024,21-08-2025,Jacob Davies,Home Office,India,Roseton,Wisconsin,21499,West,PROD-1090,Technology,Accessories,Already Never,257.64
ORD-1091,23-09-2024,08-09-2025,Charles Robertson,Corporate,India,Lake Carmen,Ohio,19602,North,PROD-1091,Furniture,Chairs,Than Ever,569.83
ORD-1092,30-08-2024,15-08-2025,Amy Holloway,Corporate,India,South Peggy,Wisconsin,87628,West,PROD-1092,Technology,Tables,Thought Several,873.34
ORD-1093,24-06-2025,24-08-2025,Jamie Brown,Corporate,India,West Angela,Missouri,22948,West,PROD-1093,Furniture,Storage,Station Mention,49.46
ORD-1094,04-09-2024,26-08-2025,Chase Newman,Corporate,India,Gordonbury,Arizona,51500,North,PROD-1094,Furniture,Accessories,Imagine Live,630.52
ORD-1095,26-11-2024,20-08-2025,Lisa Kerr,Home Office,India,Port Michael,North Dakota,16860,South,PROD-1095,Office Supplies,Binders,Assume Nice,677.7
ORD-1096,03-11-2024,10-09-2025,Dr. Jonathan Erickson,Home Office,India,East Andrea,Colorado,93816,North,PROD-1096,Furniture,Tables,Provide Keep,766.6
ORD-1097,07-09-2024,13-09-2025,Stephanie Long,Consumer,India,Reidmouth,Kentucky,31377,South,PROD-1097,Furniture,Tables,Up Too,976.67
ORD-1098,23-10-2024,29-08-2025,Barbara Smith,Consumer,India,Port Christopher,Pennsylvania,67146,South,PROD-1098,Furniture,Accessories,Own Yes,582.59
ORD-1099,10-04-2025,29-08-2025,Joan Scott,Home Office,India,South Kevin,Utah,33736,South,PROD-1099,Office Supplies,Phones,Kitchen Stage,551.26
ORD-1100,05-05-2025,19-08-2025,Jeffrey Cannon,Corporate,India,South Thomasburgh,New Mexico,50488,West,PROD-1100,Technology,Accessories,Morning Rate,669.17
ORD-1101,16-01-2025,25-08-2025,Sara Davis,Home Office,India,Goodwinport,Missouri,4488,North,PROD-1101,Furniture,Tables,Participant Wind,603.53
ORD-1102,10-08-2025,20-08-2025,Anthony Howard,Consumer,India,South Thomas,Virginia,91443,East,PROD-1102,Office Supplies,Binders,Investment Wait,992.37
ORD-1103,18-07-2025,25-08-2025,Timothy Brown,Home Office,India,South Scott,Maryland,53811,West,PROD-1103,Technology,Chairs,Power Father,576.97
ORD-1104,29-10-2024,01-09-2025,Sean Cross,Consumer,India,East James,Maine,22082,South,PROD-1104,Office Supplies,Phones,Day International,822.46
ORD-1105,03-09-2024,06-09-2025,Lacey Cole,Consumer,India,South Kevin,New Hampshire,21556,North,PROD-1105,Furniture,Accessories,Concern Top,181.34
ORD-1106,09-01-2025,13-09-2025,Mr. Timothy Dyer,Corporate,India,North Davidmouth,Kentucky,84120,East,PROD-1106,Technology,Chairs,Same Executive,20.76
ORD-1107,16-04-2025,03-09-2025,Cody Keller,Consumer,India,Port Johnview,Missouri,97479,West,PROD-1107,Office Supplies,Storage,Put Begin,112.3
ORD-1108,06-06-2025,03-09-2025,Angela Preston,Corporate,India,Mooreborough,North Dakota,33592,North,PROD-1108,Furniture,Accessories,Certainly Minute,273.98
ORD-1109,19-09-2024,29-08-2025,Donna Chen,Home Office,India,Port Nicole,New Hampshire,11121,South,PROD-1109,Technology,Chairs,Eat Easy,58.35
ORD-1110,11-03-2025,26-08-2025,Mark Mcgrath,Home Office,India,Port Franciscoland,West Virginia,5552,North,PROD-1110,Office Supplies,Binders,Executive Win,70.43
ORD-1111,18-02-2025,25-08-2025,Kylie Stewart,Home Office,India,Cruzside,New York,74096,North,PROD-1111,Technology,Accessories,Investment Beyond,803.02
ORD-1112,24-02-2025,10-09-2025,Wendy Turner,Corporate,India,North Meredithton,Florida,24038,East,PROD-1112,Furniture,Phones,Spend Every,266.93
ORD-1113,30-05-2025,15-08-2025,Anthony Moore,Home Office,India,Lake Jerry,Utah,87745,East,PROD-1113,Office Supplies,Binders,Reality Deep,589.62
ORD-1114,27-11-2024,03-09-2025,Justin Jones,Corporate,India,East Robertfurt,Rhode Island,47845,North,PROD-1114,Office Supplies,Tables,Foot Such,212.33
ORD-1115,09-10-2024,28-08-2025,Raven Robertson,Corporate,India,Collierberg,Hawaii,27066,North,PROD-1115,Furniture,Chairs,Prevent Challenge,469.14
ORD-1116,24-03-2025,13-09-2025,Jeffrey Brown,Home Office,India,Port Andrew,Montana,48073,East,PROD-1116,Technology,Binders,Issue Require,880.08
ORD-1117,19-04-2025,30-08-2025,Sheryl Wilkerson,Consumer,India,Antonioland,Massachusetts,35816,North,PROD-1117,Technology,Storage,Product Rule,438.82
ORD-1118,01-02-2025,12-09-2025,Sharon Walker,Home Office,India,Frankberg,California,16814,West,PROD-1118,Furniture,Storage,Character Camera,73.04
ORD-1119,04-01-2025,13-09-2025,Bobby Hammond,Corporate,India,Port Robertberg,Iowa,4894,East,PROD-1119,Technology,Binders,Medical Smile,748.97
ORD-1120,10-11-2024,02-09-2025,Gabriel Greene,Consumer,India,Sellersport,Alaska,30875,West,PROD-1120,Technology,Phones,Century Chair,635.15
ORD-1121,09-05-2025,07-09-2025,James Vance,Home Office,India,South Benjamin,Iowa,98204,West,PROD-1121,Furniture,Binders,Born Key,816.16
ORD-1122,03-10-2024,13-09-2025,Dustin Combs,Corporate,India,Adamston,Washington,68593,North,PROD-1122,Furniture,Binders,Floor Free,632.8
ORD-1123,10-02-2025,27-08-2025,Aaron Wilson,Consumer,India,Timothymouth,Alabama,39508,East,PROD-1123,Technology,Storage,Surface Plant,151.17
ORD-1124,12-08-2025,24-08-2025,Mary Rodriguez,Consumer,India,Crystaltown,Hawaii,50053,South,PROD-1124,Technology,Tables,Group Skin,660.19
ORD-1125,17-10-2024,09-09-2025,Alex Rodriguez,Corporate,India,Mercerton,North Dakota,73073,South,PROD-1125,Furniture,Tables,Social Natural,305.73
ORD-1126,12-07-2025,10-09-2025,Misty Parker,Corporate,India,Oconnellmouth,South Carolina,3055,North,PROD-1126,Technology,Binders,Treat Marriage,416.08
ORD-1127,25-01-2025,03-09-2025,Patrick James,Consumer,India,Jonesbury,Indiana,84554,East,PROD-1127,Furniture,Accessories,Doctor Somebody,376
ORD-1128,12-02-2025,04-09-2025,Ronald Stanton,Home Office,India,East Heather,Florida,32692,West,PROD-1128,Office Supplies,Chairs,Model Wind,399.76
ORD-1129,19-04-2025,08-09-2025,Brandon Brown,Home Office,India,East Mark,Wyoming,46149,East,PROD-1129,Furniture,Tables,Single Professor,917.52
ORD-1130,17-08-2024,27-08-2025,Julie Miller,Corporate,India,Sanchezbury,New Hampshire,11952,South,PROD-1130,Technology,Chairs,Never Institution,29.37
ORD-1131,29-11-2024,19-08-2025,Seth Price,Home Office,India,Cherylstad,Wisconsin,19677,South,PROD-1131,Office Supplies,Binders,Improve Admit,987.05
ORD-1132,29-04-2025,31-08-2025,Dr. Hector Travis,Corporate,India,New Jonathanfort,New Hampshire,39918,West,PROD-1132,Office Supplies,Tables,Reveal Production,892.98
ORD-1133,02-04-2025,05-09-2025,Steven Carlson,Home Office,India,Port Ann,Washington,57542,North,PROD-1133,Furniture,Chairs,More Situation,791.12
ORD-1134,04-06-2025,05-09-2025,Kelly Thompson,Consumer,India,West Brian,New Hampshire,12388,South,PROD-1134,Office Supplies,Tables,Evening Until,795.58
ORD-1135,27-09-2024,22-08-2025,Melissa Hubbard,Consumer,India,Barnettburgh,California,93249,North,PROD-1135,Office Supplies,Accessories,Possible Stop,454.94
ORD-1136,16-05-2025,23-08-2025,Brandi Bates,Corporate,India,New Christopherton,California,80012,North,PROD-1136,Office Supplies,Chairs,Add Staff,464.52
ORD-1137,03-03-2025,03-09-2025,Sally Thompson,Consumer,India,North Jessica,Vermont,92961,West,PROD-1137,Furniture,Phones,Charge So,697.54
ORD-1138,13-05-2025,27-08-2025,Nicholas Patel,Consumer,India,South Christina,Oregon,14875,East,PROD-1138,Office Supplies,Phones,Hand Thought,567.87
ORD-1139,05-03-2025,12-09-2025,Amanda Brooks,Consumer,India,Carterland,Florida,34314,East,PROD-1139,Technology,Phones,Air With,855.12
ORD-1140,03-01-2025,02-09-2025,Denise Lee,Corporate,India,Port Ryan,Rhode Island,26999,East,PROD-1140,Furniture,Phones,Forget Though,748.95
ORD-1141,25-09-2024,07-09-2025,Brian Hill,Consumer,India,South Johnfort,West Virginia,1382,East,PROD-1141,Office Supplies,Tables,Job Yes,188.74
ORD-1142,27-01-2025,05-09-2025,Rhonda Ramos,Consumer,India,Brandonborough,Kansas,99408,South,PROD-1142,Technology,Binders,Other Challenge,787.73
ORD-1143,07-07-2025,23-08-2025,Amanda Morgan,Consumer,India,Nguyenhaven,Minnesota,32717,West,PROD-1143,Furniture,Tables,Establish Apply,566.38
ORD-1144,02-06-2025,06-09-2025,Nancy Welch,Home Office,India,Susanside,Colorado,87556,East,PROD-1144,Technology,Binders,Rather Allow,344.92
ORD-1145,06-08-2025,24-08-2025,Christina Vang,Corporate,India,New Vanessa,New Jersey,54749,South,PROD-1145,Office Supplies,Tables,New Experience,728.91
ORD-1146,09-08-2025,09-09-2025,Alison Lowe,Corporate,India,Edwardsview,Minnesota,20186,East,PROD-1146,Technology,Tables,Believe Add,171.76
ORD-1147,21-05-2025,16-08-2025,Dawn Hansen,Home Office,India,East Christiefurt,Georgia,62013,West,PROD-1147,Technology,Chairs,Hospital Result,210.21
ORD-1148,30-01-2025,24-08-2025,Brian Knight,Consumer,India,Stephanieview,Oklahoma,41595,West,PROD-1148,Office Supplies,Storage,Country Public,160.39
ORD-1149,08-06-2025,19-08-2025,Kevin Clark,Consumer,India,Amberchester,Virginia,85936,East,PROD-1149,Furniture,Accessories,Station Away,806.17
ORD-1150,29-12-2024,12-09-2025,Brett Clark DDS,Corporate,India,Lancetown,Illinois,8646,South,PROD-1150,Office Supplies,Phones,Act Single,597.73
ORD-1151,23-06-2025,03-09-2025,Christine Fernandez,Home Office,India,Smithbury,North Dakota,5420,North,PROD-1151,Technology,Accessories,The Effort,966.72
ORD-1152,01-11-2024,09-09-2025,Angela Rojas,Corporate,India,North Brianna,Hawaii,77757,East,PROD-1152,Technology,Accessories,Per Phone,195.92
ORD-1153,10-12-2024,01-09-2025,Austin Williams,Consumer,India,East Elizabethberg,Michigan,49366,West,PROD-1153,Office Supplies,Binders,Class Wear,926.95
ORD-1154,29-04-2025,18-08-2025,Marissa Young,Home Office,India,Rachelport,Tennessee,36815,North,PROD-1154,Furniture,Binders,Economy Step,163.38
ORD-1155,05-11-2024,04-09-2025,Kevin Sanchez,Home Office,India,Davidside,Indiana,67027,West,PROD-1155,Office Supplies,Accessories,Space Make,931.04
ORD-1156,13-09-2024,20-08-2025,Janet Warren,Corporate,India,Salazarchester,Delaware,97234,East,PROD-1156,Furniture,Accessories,Source Most,762.29
ORD-1157,31-05-2025,03-09-2025,Kenneth Burns,Corporate,India,South Kristen,Hawaii,82514,East,PROD-1157,Furniture,Phones,List Ok,875.51
ORD-1158,09-02-2025,17-08-2025,Tammy Smith,Home Office,India,Lake Andreashire,Maine,50399,East,PROD-1158,Technology,Tables,Strong Cut,292.38
ORD-1159,14-01-2025,28-08-2025,Eric Brown,Consumer,India,Dianafort,Mississippi,79137,North,PROD-1159,Furniture,Accessories,Create Use,944.99
ORD-1160,17-04-2025,16-08-2025,Robert Jackson,Corporate,India,Tiffanyborough,Montana,17003,East,PROD-1160,Technology,Tables,Music Top,880.81
ORD-1161,06-08-2025,16-08-2025,Christopher Lee,Home Office,India,New Erin,Michigan,94825,East,PROD-1161,Office Supplies,Phones,Step Measure,29.35
ORD-1162,28-04-2025,20-08-2025,Kim Santos,Corporate,India,Trevorchester,Vermont,95868,North,PROD-1162,Office Supplies,Accessories,Some Then,135.6
ORD-1163,09-05-2025,31-08-2025,Heather Parker,Consumer,India,East Johntown,Florida,46629,West,PROD-1163,Furniture,Storage,Shake Peace,67.57
ORD-1164,12-11-2024,09-09-2025,Keith Hodges,Consumer,India,New Kristyland,Washington,6842,North,PROD-1164,Technology,Phones,Individual Head,654.29
ORD-1165,22-05-2025,30-08-2025,Meghan Reynolds,Consumer,India,Kennethview,Montana,83347,South,PROD-1165,Furniture,Chairs,Natural Care,60.06
ORD-1166,20-11-2024,02-09-2025,Christopher Myers,Corporate,India,Lewismouth,Wisconsin,1646,South,PROD-1166,Technology,Storage,Ready Writer,544.02
ORD-1167,15-02-2025,15-08-2025,Morgan Blair,Corporate,India,West Deniseshire,Virginia,9475,West,PROD-1167,Office Supplies,Storage,Better Month,970.13
ORD-1168,05-12-2024,08-09-2025,Taylor Thompson,Corporate,India,Noahview,Alabama,63764,North,PROD-1168,Technology,Accessories,Short Prove,475.97
ORD-1169,27-04-2025,13-09-2025,Jonathan Rodriguez,Consumer,India,Fergusonberg,Indiana,95274,South,PROD-1169,Office Supplies,Chairs,Pattern Accept,367.09
ORD-1170,28-09-2024,19-08-2025,Adam Mcgrath,Corporate,India,Lake Danielle,Texas,17380,North,PROD-1170,Technology,Chairs,Wish Risk,623.8
ORD-1171,30-01-2025,30-08-2025,Eric Daniels,Consumer,India,Lake Kimberlytown,Louisiana,75418,West,PROD-1171,Office Supplies,Phones,Light Find,817.59
ORD-1172,27-11-2024,08-09-2025,Kelly Sanchez,Corporate,India,Johnton,South Carolina,14915,East,PROD-1172,Technology,Tables,Take General,479.77
ORD-1173,01-11-2024,16-08-2025,Holly Collins,Corporate,India,West Joshua,North Dakota,44327,North,PROD-1173,Office Supplies,Binders,Drug Ahead,395.12
ORD-1174,09-07-2025,13-09-2025,Dr. Carol Morrison,Corporate,India,Christophershire,Connecticut,49841,West,PROD-1174,Technology,Chairs,Picture Up,921.3
ORD-1175,09-11-2024,07-09-2025,Paul Jones,Corporate,India,South Stephanie,Florida,63457,South,PROD-1175,Furniture,Accessories,End Outside,591.53
ORD-1176,01-08-2025,22-08-2025,Stephanie Reed,Home Office,India,Olsonville,Kansas,37420,South,PROD-1176,Office Supplies,Chairs,Network Painting,713.84
ORD-1177,14-08-2025,03-09-2025,Jessica Williams,Corporate,India,Charleneville,Georgia,93549,South,PROD-1177,Office Supplies,Binders,Opportunity Ago,511.17
ORD-1178,24-04-2025,08-09-2025,Linda Thompson,Corporate,India,East Dawnhaven,Oregon,25138,South,PROD-1178,Technology,Binders,Consumer Reveal,70.4
ORD-1179,29-07-2025,24-08-2025,Amanda Ruiz,Consumer,India,Jamesmouth,Mississippi,4955,North,PROD-1179,Technology,Tables,Himself Age,118.31
ORD-1180,07-01-2025,04-09-2025,Michael Pearson,Corporate,India,Riverabury,Maine,83823,North,PROD-1180,Technology,Tables,Plant Item,658.17
ORD-1181,16-08-2024,12-09-2025,Jason Fernandez,Home Office,India,Finleyville,Virginia,48896,East,PROD-1181,Office Supplies,Tables,Claim If,548.51
ORD-1182,09-06-2025,31-08-2025,Aaron Ramirez,Home Office,India,Gabrielhaven,Maryland,28140,North,PROD-1182,Technology,Phones,Have Structure,625.31
ORD-1183,05-11-2024,19-08-2025,Angela Coleman,Home Office,India,West Donnaton,Ohio,79180,North,PROD-1183,Office Supplies,Chairs,Action Know,565.41
ORD-1184,29-10-2024,29-08-2025,Maria Ray,Corporate,India,South Hollyville,North Carolina,26673,South,PROD-1184,Technology,Storage,Whether Scientist,118.67
ORD-1185,24-01-2025,15-08-2025,Lauren Jensen,Home Office,India,Lake Elizabethborough,Nebraska,3258,West,PROD-1185,Office Supplies,Phones,Citizen Election,499.33
ORD-1186,29-12-2024,19-08-2025,Gregg Watson,Home Office,India,Duanetown,Ohio,57925,South,PROD-1186,Furniture,Binders,Away Citizen,528.62
ORD-1187,07-03-2025,08-09-2025,Rebecca Thomas,Home Office,India,Melissaland,Mississippi,22192,West,PROD-1187,Office Supplies,Chairs,Assume Space,395.13
ORD-1188,20-03-2025,25-08-2025,Brandy Wolfe,Corporate,India,Yufort,Utah,54513,West,PROD-1188,Technology,Phones,Field Also,623.83
ORD-1189,26-10-2024,03-09-2025,Joy Gibbs,Corporate,India,North Mindyhaven,Maine,24508,North,PROD-1189,Furniture,Accessories,Technology American,394.14
ORD-1190,07-12-2024,23-08-2025,Lisa Campbell,Home Office,India,West Nicholasshire,Kentucky,50103,South,PROD-1190,Technology,Chairs,Vote Actually,197.49
ORD-1191,08-05-2025,21-08-2025,Hayden Walker,Consumer,India,Kennethport,Connecticut,34245,West,PROD-1191,Office Supplies,Phones,Heart Employee,698.61
ORD-1192,03-02-2025,26-08-2025,Pamela Becker,Consumer,India,Thomasmouth,Maryland,77428,West,PROD-1192,Technology,Chairs,Another Machine,649.58
ORD-1193,07-04-2025,13-09-2025,Melissa Walker,Home Office,India,Lake Zacharyport,Oklahoma,68691,West,PROD-1193,Office Supplies,Binders,Mouth Prevent,726.06
ORD-1194,24-10-2024,07-09-2025,Sarah Merritt,Home Office,India,Lake Zacharyburgh,New Jersey,1538,South,PROD-1194,Office Supplies,Phones,Never Operation,12.81
ORD-1195,09-06-2025,19-08-2025,William Powell,Corporate,India,South Elizabeth,Washington,36196,South,PROD-1195,Office Supplies,Chairs,Dream Reveal,316.09
ORD-1196,01-10-2024,07-09-2025,Vanessa Kaiser,Corporate,India,Lake Robertshire,Tennessee,54078,North,PROD-1196,Furniture,Tables,If Fire,568.59
ORD-1197,19-08-2024,28-08-2025,Steven Sullivan,Home Office,India,Timothyville,Maryland,98763,West,PROD-1197,Technology,Chairs,Arm Series,705.53
ORD-1198,29-04-2025,08-09-2025,Ernest Ryan,Corporate,India,East Michelle,New Mexico,25971,South,PROD-1198,Furniture,Tables,Kid Catch,220.63
ORD-1199,16-08-2024,15-08-2025,James Anderson,Consumer,India,Port Amanda,New York,3026,South,PROD-1199,Office Supplies,Tables,Hair South,882.25
ORD-1200,22-11-2024,08-09-2025,Robert Brown,Home Office,India,Evansborough,Utah,20929,West,PROD-1200,Office Supplies,Accessories,Appear Friend,135.79
ORD-1201,15-04-2025,02-09-2025,George Scott,Consumer,India,Lake Williamton,Vermont,84796,West,PROD-1201,Technology,Storage,Want Apply,962.86
ORD-1202,20-02-2025,09-09-2025,Andrew Santiago,Home Office,India,Smithside,Utah,66774,South,PROD-1202,Furniture,Phones,Item Decision,552.3
ORD-1203,03-04-2025,30-08-2025,Bradley Kirby,Consumer,India,Derekport,Pennsylvania,99696,West,PROD-1203,Office Supplies,Chairs,Light Attention,678.49
ORD-1204,01-05-2025,31-08-2025,Charles Dickson,Corporate,India,Christopherhaven,Maine,77477,West,PROD-1204,Furniture,Chairs,Boy Mean,696.77
ORD-1205,01-07-2025,25-08-2025,Mckenzie Sweeney,Corporate,India,Lake Robertton,Arizona,44112,East,PROD-1205,Office Supplies,Tables,Detail Window,858.33
ORD-1206,13-09-2024,01-09-2025,Denise Rios,Corporate,India,Lake Selena,Oregon,39014,South,PROD-1206,Technology,Phones,Red Management,727.37
ORD-1207,07-02-2025,18-08-2025,Donna Boyd,Home Office,India,West Sherryburgh,Missouri,29949,West,PROD-1207,Office Supplies,Storage,Mind Great,501.49
ORD-1208,03-10-2024,21-08-2025,Adrian Carter,Home Office,India,West Jenniferside,Ohio,32016,East,PROD-1208,Office Supplies,Accessories,Summer Attack,729.04
ORD-1209,20-12-2024,22-08-2025,Jeffrey Flores,Consumer,India,Murrayport,Alabama,17248,North,PROD-1209,Technology,Binders,Exist Too,678.67
ORD-1210,15-03-2025,20-08-2025,Christine Chambers MD,Consumer,India,North Veronica,Washington,38045,South,PROD-1210,Office Supplies,Accessories,Wear Also,318.99
ORD-1211,17-01-2025,19-08-2025,Alan Kerr,Home Office,India,Lake Davidhaven,North Carolina,46920,North,PROD-1211,Office Supplies,Binders,Course Free,845.4
ORD-1212,28-11-2024,16-08-2025,Melissa Morris,Corporate,India,New Samuelchester,New York,51827,West,PROD-1212,Furniture,Chairs,Fine Actually,574.24
ORD-1213,07-01-2025,09-09-2025,Sandra Lewis,Home Office,India,Port Alishaburgh,Tennessee,89363,West,PROD-1213,Furniture,Chairs,Price Somebody,567.33
ORD-1214,22-12-2024,07-09-2025,Lisa Quinn,Consumer,India,Hannahstad,Illinois,83965,North,PROD-1214,Technology,Chairs,Magazine Company,936.9
ORD-1215,05-08-2025,05-09-2025,Howard Brown,Home Office,India,Roweberg,Virginia,23275,West,PROD-1215,Office Supplies,Chairs,Thank Reason,73.37
ORD-1216,04-11-2024,03-09-2025,Nathaniel Brooks,Corporate,India,Goodmanville,Nebraska,975,North,PROD-1216,Technology,Chairs,Stage This,570.56
ORD-1217,24-06-2025,11-09-2025,Nicole Mercer,Home Office,India,Port Courtneyside,New Hampshire,46396,West,PROD-1217,Office Supplies,Accessories,Federal Social,890.57
ORD-1218,17-01-2025,23-08-2025,Angela Abbott,Home Office,India,Emilybury,Kansas,53699,East,PROD-1218,Office Supplies,Chairs,Upon Member,149.47
ORD-1219,19-11-2024,16-08-2025,Robert Rodriguez,Home Office,India,Port Marissaton,North Carolina,36630,South,PROD-1219,Technology,Tables,Somebody Race,473.79
ORD-1220,30-10-2024,11-09-2025,Jo Morrison,Consumer,India,Kimberlyview,Utah,46734,South,PROD-1220,Office Supplies,Binders,Fire Treatment,900.97
ORD-1221,31-01-2025,31-08-2025,Brittany Kennedy,Consumer,India,New Deborah,Indiana,26300,West,PROD-1221,Office Supplies,Phones,He Avoid,612.06
ORD-1222,13-05-2025,09-09-2025,Matthew Jones,Home Office,India,Vanessaton,Arkansas,19082,South,PROD-1222,Technology,Phones,Success West,131.21
ORD-1223,14-10-2024,08-09-2025,Erica Lara,Consumer,India,Foxmouth,Nebraska,71712,South,PROD-1223,Office Supplies,Tables,Arm Case,665.76
ORD-1224,19-08-2024,24-08-2025,Isabella Moss,Corporate,India,West Franklinbury,Montana,65191,West,PROD-1224,Technology,Binders,Responsibility Serious,499.15
ORD-1225,01-10-2024,05-09-2025,Michael Graham,Consumer,India,Donaldsontown,Virginia,20510,East,PROD-1225,Furniture,Chairs,Cause Determine,676.01
ORD-1226,02-02-2025,05-09-2025,Jennifer Newton,Corporate,India,Amberburgh,Illinois,33147,West,PROD-1226,Office Supplies,Storage,Itself Here,389.72
ORD-1227,21-04-2025,15-08-2025,Michael Boyd,Corporate,India,South Keith,Kansas,45611,South,PROD-1227,Technology,Accessories,Do Similar,653.84
ORD-1228,10-06-2025,20-08-2025,Dr. Sandra Wright DDS,Consumer,India,Victorville,South Dakota,8094,West,PROD-1228,Office Supplies,Phones,Him Since,219.98
ORD-1229,09-03-2025,11-09-2025,Kelly Richards,Home Office,India,Port Rachelstad,California,72178,West,PROD-1229,Furniture,Chairs,Organization Health,72.62
ORD-1230,20-02-2025,30-08-2025,James Gomez,Corporate,India,East Alanview,Texas,4964,South,PROD-1230,Furniture,Accessories,Idea Tonight,653.02
ORD-1231,31-08-2024,03-09-2025,Gabriella Mcdaniel,Corporate,India,West Angelaburgh,Oklahoma,54140,West,PROD-1231,Technology,Phones,Probably Stand,922.85
ORD-1232,11-06-2025,25-08-2025,Devon Adams,Corporate,India,Sullivanshire,Pennsylvania,38077,North,PROD-1232,Technology,Storage,Thing Many,388.07
ORD-1233,05-02-2025,13-09-2025,Samuel Fields,Consumer,India,Josephshire,Kansas,58346,North,PROD-1233,Furniture,Storage,Hard Worker,892.03
ORD-1234,12-12-2024,05-09-2025,Cindy Gates,Corporate,India,Thomasville,Georgia,12959,South,PROD-1234,Office Supplies,Accessories,Fight Finish,52.34
ORD-1235,17-01-2025,27-08-2025,Sarah Joseph,Consumer,India,Jenniferhaven,South Carolina,68320,South,PROD-1235,Office Supplies,Chairs,Daughter Green,865.39
ORD-1236,03-08-2025,08-09-2025,Xavier Pena,Consumer,India,South Tanyashire,Oregon,19762,North,PROD-1236,Technology,Accessories,Man Situation,20.95
ORD-1237,25-08-2024,06-09-2025,Andrew Peterson,Consumer,India,Annaberg,Idaho,16212,North,PROD-1237,Office Supplies,Storage,Certain Brother,296.01
ORD-1238,01-09-2024,18-08-2025,Shawn Stewart,Home Office,India,West Destinytown,Georgia,96189,West,PROD-1238,Office Supplies,Accessories,Big Tv,311.79
ORD-1239,02-10-2024,03-09-2025,Jeremiah Mercado,Home Office,India,Kellystad,Texas,31455,West,PROD-1239,Technology,Storage,Business Fire,960.53
ORD-1240,16-12-2024,17-08-2025,Stephen Harris,Consumer,India,Port Joshua,Wyoming,85239,East,PROD-1240,Furniture,Tables,Source Stuff,842.31
ORD-1241,19-07-2025,12-09-2025,Charles Knox,Consumer,India,Lynnland,Tennessee,34202,North,PROD-1241,Office Supplies,Tables,My Free,255.05
ORD-1242,31-12-2024,06-09-2025,Julie Elliott,Corporate,India,Levineton,California,6705,East,PROD-1242,Technology,Storage,Suffer Husband,600.73
ORD-1243,03-01-2025,18-08-2025,Larry Lane,Home Office,India,Jamesshire,Rhode Island,88588,West,PROD-1243,Office Supplies,Chairs,Interesting Instead,789.2
ORD-1244,21-12-2024,11-09-2025,Penny Kelly,Consumer,India,Lake Laura,Rhode Island,65352,East,PROD-1244,Office Supplies,Phones,Congress Sit,93.25
ORD-1245,21-08-2024,24-08-2025,Stephanie Boone,Corporate,India,Angelmouth,Pennsylvania,85007,South,PROD-1245,Office Supplies,Tables,Wrong But,602.52
ORD-1246,09-02-2025,01-09-2025,Cindy Townsend,Consumer,India,Elizabethfort,Tennessee,27647,North,PROD-1246,Technology,Phones,Off Animal,207.12
ORD-1247,25-02-2025,07-09-2025,James Jones,Consumer,India,Brianbury,North Carolina,22360,North,PROD-1247,Technology,Tables,Protect Fill,511.39
ORD-1248,10-02-2025,07-09-2025,Roger Robinson,Corporate,India,East Lauraberg,South Carolina,95367,East,PROD-1248,Office Supplies,Accessories,Yard Coach,989.95
ORD-1249,09-07-2025,06-09-2025,Chris Walsh,Home Office,India,Port Casey,Kansas,71420,North,PROD-1249,Office Supplies,Binders,Study Hour,621.62
ORD-1250,16-07-2025,31-08-2025,Elizabeth Reed,Home Office,India,Port Melissafort,Alabama,47518,South,PROD-1250,Office Supplies,Chairs,Happen Shoulder,548.27
ORD-1251,28-12-2024,26-08-2025,Tracy Boyd,Consumer,India,Lopezport,Minnesota,35921,North,PROD-1251,Furniture,Tables,Type Plan,164.94
ORD-1252,12-04-2025,08-09-2025,Roger Copeland,Corporate,India,Wilsonbury,Idaho,13821,South,PROD-1252,Office Supplies,Binders,Discover Hold,931.73
ORD-1253,25-06-2025,25-08-2025,Zachary Tran,Corporate,India,Jacobsburgh,New Hampshire,36001,East,PROD-1253,Office Supplies,Binders,Clear Plant,91.3
ORD-1254,08-07-2025,03-09-2025,Andrew Cox,Consumer,India,East Michael,West Virginia,29945,North,PROD-1254,Furniture,Binders,Design Seek,827.17
ORD-1255,23-05-2025,31-08-2025,Lisa Meza,Consumer,India,Kellyside,Delaware,14034,East,PROD-1255,Technology,Tables,Appear Conference,605.99
ORD-1256,10-06-2025,28-08-2025,Michelle Griffith,Consumer,India,Stricklandshire,Kansas,66215,West,PROD-1256,Furniture,Binders,Success Adult,132.41
ORD-1257,14-05-2025,16-08-2025,Kimberly Patel,Home Office,India,East Paulfort,Ohio,10029,North,PROD-1257,Furniture,Storage,Your Way,346.27
ORD-1258,10-11-2024,07-09-2025,Brianna King,Consumer,India,Lake Willie,Wisconsin,24626,East,PROD-1258,Office Supplies,Binders,Investment Fear,251.18
ORD-1259,30-08-2024,16-08-2025,Ivan Boyle,Corporate,India,Sparksburgh,Rhode Island,38463,East,PROD-1259,Technology,Chairs,Public Education,14.82
ORD-1260,17-08-2024,12-09-2025,Ashley Sanchez,Consumer,India,Conwayberg,Alabama,41853,North,PROD-1260,Technology,Chairs,Use Second,425.53
ORD-1261,12-01-2025,11-09-2025,Mary Cruz,Home Office,India,Evanhaven,Illinois,31448,North,PROD-1261,Office Supplies,Storage,Yourself During,602.48
ORD-1262,15-09-2024,19-08-2025,Brian Jones,Consumer,India,Port Jane,South Dakota,97238,North,PROD-1262,Office Supplies,Binders,Institution As,799.1
ORD-1263,21-08-2024,30-08-2025,Sandra Donovan,Corporate,India,Kellyfurt,Maryland,80105,East,PROD-1263,Office Supplies,Phones,Hand Tv,145.34
ORD-1264,23-04-2025,26-08-2025,Kari Velez,Consumer,India,Youngmouth,Oregon,83159,West,PROD-1264,Office Supplies,Binders,Education Attorney,536.06
ORD-1265,13-05-2025,02-09-2025,Kimberly Edwards,Consumer,India,South Jeremyshire,New Jersey,49614,North,PROD-1265,Technology,Accessories,Feel Both,782.58
ORD-1266,10-12-2024,23-08-2025,Zachary Logan,Consumer,India,South Christophertown,Idaho,15367,West,PROD-1266,Technology,Binders,Money Agency,110.28
ORD-1267,07-10-2024,11-09-2025,Daniel Gonzalez,Corporate,India,Lake Michael,Texas,85054,North,PROD-1267,Office Supplies,Storage,Mr A,662.15
ORD-1268,20-04-2025,26-08-2025,Jeffrey Simon,Home Office,India,Chapmanchester,Arizona,89247,North,PROD-1268,Technology,Tables,Sign Return,103.1
ORD-1269,08-05-2025,17-08-2025,Gina Solis,Consumer,India,Port Anna,Oregon,74944,West,PROD-1269,Technology,Storage,Claim Add,398.44
ORD-1270,18-11-2024,01-09-2025,Michael Riley,Corporate,India,East Kristina,Nevada,51489,West,PROD-1270,Furniture,Storage,Appear Western,493.08
ORD-1271,06-02-2025,01-09-2025,Shannon Buchanan,Home Office,India,East Jason,Nebraska,54023,East,PROD-1271,Technology,Chairs,Industry Produce,708.02
ORD-1272,21-02-2025,03-09-2025,Allison Smith,Home Office,India,Garciatown,New York,61787,West,PROD-1272,Office Supplies,Tables,Smile Four,832.32
ORD-1273,23-05-2025,11-09-2025,James Jones,Corporate,India,Yangburgh,North Carolina,50249,East,PROD-1273,Technology,Phones,Size Join,239.92
ORD-1274,03-08-2025,10-09-2025,Erin Miller,Consumer,India,North Catherine,Vermont,80325,East,PROD-1274,Furniture,Chairs,Use Occur,431.65
ORD-1275,30-03-2025,06-09-2025,Adam Jones,Home Office,India,Lake Hectorstad,Oklahoma,94421,North,PROD-1275,Technology,Phones,Wide Compare,783.91
ORD-1276,07-05-2025,23-08-2025,Kayla Hayes,Home Office,India,West Alexander,Delaware,28295,South,PROD-1276,Office Supplies,Chairs,Spend Huge,885.61
ORD-1277,10-07-2025,18-08-2025,Michael Moore,Corporate,India,Kaisershire,Idaho,17506,South,PROD-1277,Office Supplies,Binders,His Central,152.42
ORD-1278,25-04-2025,19-08-2025,Wayne Howe,Corporate,India,South Stevenfort,Utah,37364,North,PROD-1278,Furniture,Tables,Figure Purpose,345.57
ORD-1279,07-11-2024,11-09-2025,Sabrina Ramirez,Consumer,India,Danielport,Arizona,45147,North,PROD-1279,Technology,Chairs,Activity Sense,263.44
ORD-1280,11-06-2025,17-08-2025,Garrett Taylor,Consumer,India,Port Matthew,Arkansas,54733,North,PROD-1280,Technology,Chairs,Cause Do,212.27
ORD-1281,20-08-2024,22-08-2025,James Cox,Consumer,India,South Willieview,Illinois,12308,East,PROD-1281,Technology,Storage,Trial Near,611.29
ORD-1282,22-01-2025,25-08-2025,Richard Hodge,Home Office,India,South Joseph,Kansas,43906,North,PROD-1282,Technology,Binders,Energy Poor,489.23
ORD-1283,08-05-2025,30-08-2025,Edward Miller,Corporate,India,Wesleyhaven,South Carolina,81222,North,PROD-1283,Technology,Accessories,Everyone Western,506.02
ORD-1284,03-04-2025,08-09-2025,Jordan Wallace,Corporate,India,Danielmouth,Minnesota,81674,North,PROD-1284,Furniture,Binders,Simple Place,200.43
ORD-1285,06-01-2025,09-09-2025,John Mills,Corporate,India,North Michaelmouth,Washington,77700,South,PROD-1285,Office Supplies,Storage,Painting Room,737.89
ORD-1286,17-03-2025,03-09-2025,Mary Ramirez,Consumer,India,New Michael,Delaware,81738,East,PROD-1286,Office Supplies,Accessories,Car Cup,176.78
ORD-1287,30-09-2024,04-09-2025,David Odom,Corporate,India,North Tammy,Nevada,88637,North,PROD-1287,Furniture,Storage,Professor Benefit,536.47
ORD-1288,07-08-2025,31-08-2025,Aaron Weaver,Consumer,India,Lake Deborah,Oregon,59763,South,PROD-1288,Furniture,Phones,Tax Perhaps,692.78
ORD-1289,04-01-2025,22-08-2025,Matthew Johnson,Home Office,India,East Debramouth,Massachusetts,50693,South,PROD-1289,Office Supplies,Storage,Animal Pick,583.27
ORD-1290,14-12-2024,08-09-2025,Amber Reed,Home Office,India,Lake Carolstad,Oklahoma,73879,West,PROD-1290,Office Supplies,Storage,It Wide,655.19
ORD-1291,27-10-2024,28-08-2025,Tyler Jones,Home Office,India,Scottport,Texas,86653,West,PROD-1291,Technology,Tables,Major Deal,422.13
ORD-1292,09-01-2025,12-09-2025,Denise Flores,Home Office,India,Port Jeremiah,Massachusetts,86616,West,PROD-1292,Office Supplies,Tables,Show Professor,680.02
ORD-1293,24-04-2025,13-09-2025,Kristen Lewis,Corporate,India,East Donna,New Hampshire,60957,West,PROD-1293,Office Supplies,Storage,Can Provide,662.77
ORD-1294,14-04-2025,03-09-2025,Lori Reyes,Consumer,India,Port Robertport,Florida,36396,North,PROD-1294,Furniture,Phones,Raise Develop,103.06
ORD-1295,07-09-2024,13-09-2025,April Padilla,Corporate,India,Barbaraport,Texas,12711,East,PROD-1295,Furniture,Storage,Such Dream,633.63
ORD-1296,19-12-2024,28-08-2025,Zachary Johnson,Consumer,India,Kellershire,Illinois,68317,North,PROD-1296,Office Supplies,Phones,Hard Card,337.79
ORD-1297,13-08-2025,06-09-2025,Jonathan Cook,Corporate,India,Natalieton,Virginia,10859,North,PROD-1297,Office Supplies,Tables,Instead Main,707.82
ORD-1298,13-09-2024,23-08-2025,Kimberly Gardner,Corporate,India,Timothystad,Ohio,44338,East,PROD-1298,Office Supplies,Phones,Indeed Seat,816.79
ORD-1299,06-01-2025,04-09-2025,Kristina Kelley DDS,Consumer,India,North Roberto,Pennsylvania,16878,North,PROD-1299,Technology,Accessories,Off Boy,48.16
ORD-1300,23-04-2025,03-09-2025,Bradley Gomez,Consumer,India,Brianland,New York,80531,South,PROD-1300,Office Supplies,Phones,Especially Model,69.11
ORD-1301,29-08-2024,20-08-2025,Amy Shelton,Corporate,India,New Adrian,Minnesota,81465,East,PROD-1301,Furniture,Binders,Street Hit,870.86
ORD-1302,25-09-2024,21-08-2025,Kevin Butler,Consumer,India,West Monique,Massachusetts,25656,East,PROD-1302,Technology,Tables,Different Walk,235.89
ORD-1303,16-02-2025,18-08-2025,James Garcia,Consumer,India,Stephaniemouth,Arkansas,72278,East,PROD-1303,Office Supplies,Binders,Standard American,397.92
ORD-1304,12-11-2024,19-08-2025,Leslie Harris,Home Office,India,South Matthew,Pennsylvania,57016,South,PROD-1304,Technology,Storage,Fund Five,303.11
ORD-1305,20-04-2025,28-08-2025,Benjamin Williams,Consumer,India,Hobbshaven,Utah,86443,South,PROD-1305,Office Supplies,Accessories,Less Production,191.12
ORD-1306,20-03-2025,10-09-2025,Jacob Howard,Consumer,India,Josephchester,New Mexico,60880,East,PROD-1306,Furniture,Chairs,Oil Long,498.11
ORD-1307,10-03-2025,30-08-2025,Christina Parker,Corporate,India,West James,Alabama,13785,East,PROD-1307,Office Supplies,Chairs,Sure Myself,659.89
ORD-1308,22-11-2024,10-09-2025,Alexander Melendez,Home Office,India,Whitetown,North Carolina,56558,North,PROD-1308,Furniture,Tables,Trip Collection,973.91
ORD-1309,10-03-2025,09-09-2025,Nathan Moody,Consumer,India,South Karen,Utah,74111,West,PROD-1309,Furniture,Accessories,Interesting White,59.4
ORD-1310,16-06-2025,24-08-2025,Daniel Olson,Corporate,India,Diazbury,Arizona,94605,West,PROD-1310,Furniture,Phones,Crime News,501.31
ORD-1311,20-02-2025,23-08-2025,Victoria Smith,Home Office,India,Whiteburgh,New Mexico,70711,South,PROD-1311,Technology,Tables,Surface Away,655.41
ORD-1312,01-01-2025,12-09-2025,Joshua Davis,Home Office,India,Lorimouth,Colorado,13343,North,PROD-1312,Office Supplies,Chairs,Chair Sound,289.4
ORD-1313,08-05-2025,20-08-2025,Patrick Williams,Consumer,India,Alejandrabury,Indiana,44977,North,PROD-1313,Furniture,Chairs,Answer Remember,588.71
ORD-1314,08-02-2025,01-09-2025,Walter Fleming,Consumer,India,Rachaelview,Connecticut,86866,North,PROD-1314,Technology,Phones,Size Way,877.76
ORD-1315,29-12-2024,11-09-2025,Angela Henderson,Home Office,India,Allisonberg,Mississippi,87111,West,PROD-1315,Furniture,Accessories,Eye Country,217.25
ORD-1316,25-04-2025,04-09-2025,Christopher Fowler,Corporate,India,Port Robert,Colorado,75955,East,PROD-1316,Technology,Chairs,Middle Factor,561.1
ORD-1317,14-04-2025,09-09-2025,Ray Roberts,Consumer,India,North Debramouth,Florida,95448,West,PROD-1317,Furniture,Tables,Home Thousand,984.11
ORD-1318,12-07-2025,07-09-2025,James Luna,Consumer,India,Lake Steven,Minnesota,61023,West,PROD-1318,Office Supplies,Tables,The Mind,242.6
ORD-1319,07-01-2025,25-08-2025,Diana King,Corporate,India,Lake Justinshire,South Carolina,31981,North,PROD-1319,Office Supplies,Phones,History Fight,252.87
ORD-1320,22-12-2024,06-09-2025,Christine Parker,Corporate,India,Wardberg,Vermont,18211,South,PROD-1320,Technology,Binders,Join Radio,274.48
ORD-1321,31-03-2025,03-09-2025,Brittney Moore,Corporate,India,Brianatown,Virginia,9290,North,PROD-1321,Technology,Phones,Fill No,286.14
ORD-1322,09-12-2024,09-09-2025,Randy Fitzpatrick,Home Office,India,Lake Stacey,Tennessee,57660,East,PROD-1322,Office Supplies,Storage,Capital Trial,274.33
ORD-1323,07-03-2025,19-08-2025,Victoria Gibson,Corporate,India,Smithbury,Idaho,52889,East,PROD-1323,Furniture,Accessories,Stay Population,968.58
ORD-1324,11-11-2024,12-09-2025,Paul Martinez,Consumer,India,Ericfurt,Kentucky,10502,North,PROD-1324,Office Supplies,Phones,Financial Result,583.08
ORD-1325,20-04-2025,02-09-2025,Joshua Nguyen,Home Office,India,North Katie,Wisconsin,68092,East,PROD-1325,Office Supplies,Phones,Remember Source,817.51
ORD-1326,21-09-2024,07-09-2025,James Evans,Consumer,India,North Ian,Florida,84324,North,PROD-1326,Furniture,Tables,Western Number,136.26
ORD-1327,09-11-2024,04-09-2025,Whitney Williams,Home Office,India,New Stevenfort,Delaware,57044,South,PROD-1327,Furniture,Accessories,Garden Young,17.7
ORD-1328,31-07-2025,31-08-2025,Maria Mitchell,Consumer,India,Ramostown,Pennsylvania,71829,West,PROD-1328,Furniture,Accessories,Friend Big,628.56
ORD-1329,22-05-2025,29-08-2025,Christian Cummings,Consumer,India,West Robert,Colorado,21422,North,PROD-1329,Technology,Chairs,Couple Player,329.8
ORD-1330,21-03-2025,18-08-2025,Jessica Roberts,Corporate,India,Lake Robertbury,Utah,15458,East,PROD-1330,Office Supplies,Binders,Determine Dream,984.28
ORD-1331,20-09-2024,26-08-2025,Angela Barber,Home Office,India,Douglasport,New Jersey,81722,West,PROD-1331,Furniture,Storage,How Grow,580.88
ORD-1332,17-05-2025,02-09-2025,Jose Brooks,Home Office,India,East Timothyfurt,Louisiana,2926,West,PROD-1332,Office Supplies,Phones,Sign Total,979.79
ORD-1333,12-11-2024,12-09-2025,Tommy Palmer,Corporate,India,Sarahtown,Ohio,32374,South,PROD-1333,Technology,Binders,Physical Community,609.47
ORD-1334,07-05-2025,12-09-2025,Michael Bird,Home Office,India,Charlesstad,Vermont,20932,East,PROD-1334,Technology,Tables,Whatever Explain,790.35
ORD-1335,19-06-2025,26-08-2025,Michael Morgan,Corporate,India,New Shannon,New Jersey,48259,South,PROD-1335,Technology,Phones,Account Million,233.42
ORD-1336,26-01-2025,09-09-2025,Anne Moore,Corporate,India,Heathview,South Carolina,5749,West,PROD-1336,Office Supplies,Accessories,Pattern Writer,858.93
ORD-1337,15-03-2025,11-09-2025,Kelly Wilson,Home Office,India,Port Tamarabury,South Carolina,13785,South,PROD-1337,Technology,Accessories,Large Actually,886.8
ORD-1338,17-08-2024,08-09-2025,Matthew Hunter,Consumer,India,Robbinsside,Delaware,78756,North,PROD-1338,Office Supplies,Phones,Several Line,226.15
ORD-1339,03-06-2025,06-09-2025,Jose Giles,Consumer,India,New Rachel,Oklahoma,37756,West,PROD-1339,Furniture,Tables,Though Officer,805.21
ORD-1340,19-01-2025,05-09-2025,Peter Murphy,Home Office,India,Moorebury,Michigan,39859,West,PROD-1340,Office Supplies,Chairs,President Past,409.25
ORD-1341,27-03-2025,10-09-2025,Holly Lindsey,Corporate,India,Lake Kristen,Connecticut,49511,East,PROD-1341,Furniture,Binders,Other Effect,937.18
ORD-1342,12-12-2024,28-08-2025,Brian Walker,Corporate,India,New Marychester,Ohio,77137,South,PROD-1342,Technology,Chairs,These Teacher,934.16
ORD-1343,03-06-2025,30-08-2025,Tina Taylor,Consumer,India,New Larrymouth,Louisiana,51452,North,PROD-1343,Furniture,Accessories,Author Term,112.89
ORD-1344,24-05-2025,21-08-2025,Craig Gilbert,Corporate,India,Spencermouth,Delaware,10915,South,PROD-1344,Technology,Binders,Color Teacher,375.93
ORD-1345,31-07-2025,17-08-2025,Miguel Blair,Corporate,India,Dickersonville,California,8743,East,PROD-1345,Technology,Phones,Court Yes,638.32
ORD-1346,26-02-2025,24-08-2025,Roger Patrick,Home Office,India,New Aaron,Massachusetts,1159,East,PROD-1346,Technology,Binders,At Wait,217.65
ORD-1347,21-07-2025,12-09-2025,Katelyn Walker,Home Office,India,New Rachel,Ohio,85688,West,PROD-1347,Furniture,Chairs,Me Police,14.15
ORD-1348,13-06-2025,10-09-2025,Joshua Walker,Corporate,India,Jessicaburgh,Minnesota,11784,East,PROD-1348,Office Supplies,Binders,Expect Though,43.91
ORD-1349,25-08-2024,30-08-2025,Mrs. Stacy Thomas MD,Consumer,India,West Josefort,Nevada,47194,East,PROD-1349,Office Supplies,Storage,Drop Various,309.89
ORD-1350,02-04-2025,02-09-2025,John Schwartz,Corporate,India,South Virginia,Kentucky,57714,South,PROD-1350,Technology,Tables,Cell Organization,310.43
ORD-1351,15-05-2025,21-08-2025,Christopher Garrett,Consumer,India,East Brittany,Delaware,83977,South,PROD-1351,Office Supplies,Tables,Follow Country,895.07
ORD-1352,16-07-2025,31-08-2025,Sara Riggs,Home Office,India,Lake Karaville,Idaho,69893,North,PROD-1352,Office Supplies,Storage,Property Identify,800.96
ORD-1353,25-06-2025,11-09-2025,Darren Jensen,Corporate,India,West Megan,Delaware,39584,West,PROD-1353,Technology,Storage,Baby Use,898.56
ORD-1354,23-11-2024,10-09-2025,Angelica Fuller,Home Office,India,Joseberg,Kentucky,72628,West,PROD-1354,Office Supplies,Storage,Clearly Western,295.32
ORD-1355,12-04-2025,25-08-2025,John Sanchez,Consumer,India,North Darrellside,Louisiana,34176,North,PROD-1355,Office Supplies,Chairs,Reality Majority,748.86
ORD-1356,21-09-2024,11-09-2025,Luis Hood,Home Office,India,Michaelbury,Oregon,74965,South,PROD-1356,Furniture,Chairs,Oil Five,568.98
ORD-1357,03-07-2025,24-08-2025,Dawn Armstrong,Home Office,India,Lake Anthony,Oregon,9818,South,PROD-1357,Furniture,Tables,Build Involve,254.36
ORD-1358,10-09-2024,01-09-2025,David Moore,Consumer,India,South Rebecca,Maryland,92658,South,PROD-1358,Furniture,Chairs,Certain Quality,349.42
ORD-1359,13-01-2025,06-09-2025,Ian Gonzalez,Home Office,India,Lake John,Kansas,36609,South,PROD-1359,Technology,Storage,Peace Reason,364.44
ORD-1360,24-01-2025,20-08-2025,Bryan Gibbs,Home Office,India,Cathyton,Michigan,21245,East,PROD-1360,Office Supplies,Binders,Direction Growth,161.11
ORD-1361,16-11-2024,03-09-2025,Tracy Sutton,Home Office,India,West Bryanmouth,Tennessee,25230,East,PROD-1361,Furniture,Binders,Process Decide,874.94
ORD-1362,23-07-2025,09-09-2025,Angel Scott,Home Office,India,Lake Catherine,North Dakota,60258,North,PROD-1362,Furniture,Storage,Film May,361.14
ORD-1363,23-04-2025,06-09-2025,Vincent George,Consumer,India,Cobbborough,Wisconsin,67523,North,PROD-1363,Technology,Storage,Moment Whether,664.03
ORD-1364,25-07-2025,26-08-2025,Robert Hernandez,Consumer,India,Port Keith,New Mexico,8852,East,PROD-1364,Office Supplies,Accessories,Plan Lay,406.7
ORD-1365,10-05-2025,16-08-2025,Jeffery Jones,Consumer,India,East Veronicaville,Pennsylvania,12117,West,PROD-1365,Office Supplies,Storage,Analysis Factor,191.21
ORD-1366,02-04-2025,02-09-2025,Ashley Fuentes,Consumer,India,North Timothymouth,Washington,6582,East,PROD-1366,Technology,Binders,Skin Make,365.64
ORD-1367,29-03-2025,29-08-2025,Hannah Anderson,Home Office,India,New Wesleystad,New Jersey,8374,East,PROD-1367,Furniture,Accessories,Fire Standard,556.24
ORD-1368,23-02-2025,11-09-2025,Deborah Vaughn,Home Office,India,East Josephstad,Delaware,17995,North,PROD-1368,Furniture,Phones,Talk Commercial,594.61
ORD-1369,14-04-2025,20-08-2025,John Grant,Consumer,India,Cruzberg,Hawaii,18725,East,PROD-1369,Technology,Binders,Weight Same,38.41
ORD-1370,31-10-2024,26-08-2025,Jennifer Adams,Consumer,India,Kingshire,Arkansas,90259,North,PROD-1370,Office Supplies,Tables,Gun Note,629
ORD-1371,25-10-2024,11-09-2025,Matthew Taylor,Corporate,India,Port Donna,Alaska,52150,West,PROD-1371,Office Supplies,Binders,Pm Agree,858.83
ORD-1372,30-09-2024,20-08-2025,Cody Harris,Consumer,India,Smithbury,New Jersey,98722,North,PROD-1372,Furniture,Accessories,Possible Assume,562.11
ORD-1373,25-05-2025,10-09-2025,Kirsten Forbes,Consumer,India,Josephberg,South Dakota,81581,West,PROD-1373,Furniture,Phones,Certainly Wrong,734.25
ORD-1374,03-01-2025,28-08-2025,Mackenzie Owens,Consumer,India,Davidmouth,South Carolina,8229,North,PROD-1374,Office Supplies,Binders,Finish Wonder,360.06
ORD-1375,06-12-2024,11-09-2025,Brian Thornton,Corporate,India,Dianeside,California,76456,East,PROD-1375,Office Supplies,Phones,Management History,397.7
ORD-1376,19-03-2025,04-09-2025,Joseph Lee,Corporate,India,Nixonmouth,Delaware,87603,North,PROD-1376,Office Supplies,Chairs,American Factor,345.62
ORD-1377,31-12-2024,23-08-2025,John Davis,Home Office,India,Port Joshuaburgh,Michigan,57158,West,PROD-1377,Furniture,Tables,Performance Former,743.66
ORD-1378,22-02-2025,16-08-2025,Richard Garner,Home Office,India,Ryanbury,Mississippi,19949,South,PROD-1378,Technology,Binders,Pattern Western,236.67
ORD-1379,06-12-2024,26-08-2025,Christopher Clark,Corporate,India,Jamestown,Wisconsin,72811,South,PROD-1379,Technology,Chairs,Carry None,177.42
ORD-1380,26-12-2024,11-09-2025,Ryan Adams DDS,Consumer,India,Cooperstad,Nevada,24950,West,PROD-1380,Technology,Tables,Bad People,146.56
ORD-1381,09-10-2024,12-09-2025,Jerry Russell,Consumer,India,Pamelaberg,Utah,40496,North,PROD-1381,Technology,Tables,Hard Notice,731.07
ORD-1382,25-09-2024,12-09-2025,Brooke Gutierrez,Consumer,India,Torresbury,North Dakota,23339,East,PROD-1382,Technology,Binders,War Site,121.89
ORD-1383,12-08-2025,04-09-2025,Kristin Miles MD,Consumer,India,Williamsport,Colorado,23359,West,PROD-1383,Office Supplies,Phones,Themselves Impact,988.1
ORD-1384,17-08-2024,20-08-2025,Nathaniel Matthews,Corporate,India,Kellyview,Vermont,29138,East,PROD-1384,Office Supplies,Phones,Before Everyone,998.64
ORD-1385,20-03-2025,30-08-2025,Diana Carney,Consumer,India,Melissastad,Colorado,58319,South,PROD-1385,Technology,Chairs,Buy By,791.68
ORD-1386,21-03-2025,23-08-2025,Eric Kelly,Home Office,India,Charlesberg,Wisconsin,79603,East,PROD-1386,Technology,Phones,Wide Agree,753.14
ORD-1387,23-08-2024,26-08-2025,Ryan Duffy,Corporate,India,North Marie,Montana,48543,North,PROD-1387,Office Supplies,Chairs,Decision Recently,385.97
ORD-1388,26-07-2025,18-08-2025,Brandon Cox,Home Office,India,West Shannontown,Pennsylvania,28926,South,PROD-1388,Furniture,Chairs,History They,641.67
ORD-1389,01-08-2025,07-09-2025,Todd Willis,Consumer,India,Port Wesley,Iowa,62690,West,PROD-1389,Office Supplies,Binders,Wife Where,633.32
ORD-1390,14-12-2024,11-09-2025,Colleen Thomas,Home Office,India,Richardfurt,Pennsylvania,13253,South,PROD-1390,Technology,Accessories,Only Medical,212.11
ORD-1391,17-12-2024,23-08-2025,Anthony Jefferson,Corporate,India,Douglasshire,Colorado,10286,West,PROD-1391,Furniture,Chairs,Full Work,837.03
ORD-1392,01-01-2025,15-08-2025,Michael Knight,Corporate,India,Susanburgh,Nevada,29546,West,PROD-1392,Furniture,Storage,Rather Close,737.02
ORD-1393,19-12-2024,02-09-2025,Richard Salinas,Consumer,India,Kristenbury,New Jersey,7987,North,PROD-1393,Furniture,Phones,Alone Beat,121.19
ORD-1394,28-02-2025,04-09-2025,Brian Callahan,Home Office,India,South Luis,Arkansas,57998,West,PROD-1394,Furniture,Tables,Choice Simply,569.62
ORD-1395,30-08-2024,08-09-2025,Abigail Hayes,Consumer,India,Port Laura,Nebraska,33856,East,PROD-1395,Technology,Phones,Approach Wrong,503.43
ORD-1396,14-05-2025,06-09-2025,Thomas Rodriguez PhD,Consumer,India,East Laurafurt,Iowa,42434,West,PROD-1396,Furniture,Binders,Reduce Good,422.25
ORD-1397,16-01-2025,29-08-2025,Karen Scott,Home Office,India,Davidsonfurt,Texas,68548,South,PROD-1397,Furniture,Binders,Necessary Every,732.37
ORD-1398,05-02-2025,01-09-2025,Adam Reeves,Corporate,India,North Jacob,Ohio,88374,South,PROD-1398,Office Supplies,Accessories,Point Peace,734.11
ORD-1399,09-12-2024,26-08-2025,Laura Murphy,Corporate,India,Millertown,North Dakota,5613,East,PROD-1399,Technology,Accessories,Range Political,377.2
ORD-1400,27-08-2024,16-08-2025,Matthew Caldwell,Consumer,India,South Tanya,Ohio,77142,East,PROD-1400,Technology,Binders,Friend Clear,369.79
ORD-1401,29-10-2024,18-08-2025,Jorge Wilson,Home Office,India,Rasmussentown,California,32161,East,PROD-1401,Technology,Binders,Voice Challenge,539.31
ORD-1402,12-01-2025,27-08-2025,Kathy Richardson,Home Office,India,Lawsontown,Maryland,1900,West,PROD-1402,Furniture,Phones,South Action,639.87
ORD-1403,12-12-2024,28-08-2025,Sarah Austin,Consumer,India,Tranville,North Dakota,43365,South,PROD-1403,Furniture,Storage,Knowledge May,399.75
ORD-1404,15-05-2025,15-08-2025,Jennifer Bowen,Consumer,India,Ryanmouth,Maine,76884,North,PROD-1404,Office Supplies,Accessories,Pick Hundred,850.94
ORD-1405,12-01-2025,19-08-2025,Joseph Li,Corporate,India,East Susan,West Virginia,83943,West,PROD-1405,Office Supplies,Chairs,Author Career,994.77
ORD-1406,04-10-2024,11-09-2025,Benjamin Ritter,Consumer,India,Port Conniefurt,Washington,34593,West,PROD-1406,Furniture,Binders,Open His,938.95
ORD-1407,07-03-2025,19-08-2025,Karen Johnson,Corporate,India,Jennifershire,Florida,48375,East,PROD-1407,Furniture,Phones,Street Rate,78.42
ORD-1408,01-05-2025,30-08-2025,David Pope,Consumer,India,Delgadoberg,Pennsylvania,25364,South,PROD-1408,Furniture,Phones,Station More,104.21
ORD-1409,15-08-2024,29-08-2025,John Moore,Consumer,India,North Baileyburgh,Colorado,51371,North,PROD-1409,Office Supplies,Chairs,Computer Sister,127.92
ORD-1410,28-11-2024,13-09-2025,Diana Hicks,Corporate,India,East Dylanbury,Texas,49455,North,PROD-1410,Technology,Phones,Make Oil,31.1
ORD-1411,30-09-2024,24-08-2025,Tricia Acevedo,Consumer,India,Jessicastad,Georgia,87112,East,PROD-1411,Technology,Accessories,Low Recently,861.14
ORD-1412,14-10-2024,26-08-2025,Katherine Smith,Consumer,India,Huffville,New York,58344,South,PROD-1412,Technology,Tables,Blood Talk,477.86
ORD-1413,28-09-2024,24-08-2025,Paul Lee,Home Office,India,Shawnchester,New Hampshire,63321,East,PROD-1413,Furniture,Accessories,Travel Street,646.28
ORD-1414,08-07-2025,06-09-2025,Robert Sullivan,Home Office,India,Veronicatown,Ohio,39014,North,PROD-1414,Office Supplies,Binders,Risk Design,762.8
ORD-1415,25-07-2025,15-08-2025,Theresa Taylor,Home Office,India,South Sabrina,Oklahoma,57500,East,PROD-1415,Furniture,Accessories,Republican Service,43.12
ORD-1416,15-03-2025,23-08-2025,Alison Jones,Consumer,India,Matthewton,Kansas,25461,West,PROD-1416,Technology,Phones,Natural Politics,486.48
ORD-1417,24-04-2025,13-09-2025,Lisa Burns,Consumer,India,West Cassandra,Wyoming,26401,South,PROD-1417,Furniture,Accessories,Material Hair,542.49
ORD-1418,26-05-2025,08-09-2025,Kevin Cook,Consumer,India,North Thomastown,Wisconsin,87302,North,PROD-1418,Office Supplies,Accessories,Bed Total,95.68
ORD-1419,12-08-2025,24-08-2025,Jennifer Howell,Consumer,India,Kevinland,Hawaii,5166,North,PROD-1419,Technology,Binders,Mind Hundred,824.65
ORD-1420,13-09-2024,02-09-2025,David Christensen,Consumer,India,New Devintown,Oregon,22099,South,PROD-1420,Technology,Storage,Music Vote,166.35
ORD-1421,20-04-2025,01-09-2025,Ashley Wade,Consumer,India,Lake Kelseyton,Massachusetts,34639,East,PROD-1421,Technology,Binders,Instead Safe,568.26
ORD-1422,21-01-2025,21-08-2025,Monica Butler,Corporate,India,North Spencer,Connecticut,20089,North,PROD-1422,Technology,Tables,Security Loss,565.92
ORD-1423,21-01-2025,07-09-2025,Alex Gonzalez,Corporate,India,West Anthony,Arizona,25129,West,PROD-1423,Furniture,Accessories,Would Travel,110.19
ORD-1424,18-06-2025,26-08-2025,Christopher Alvarado,Corporate,India,Robertshire,California,28030,South,PROD-1424,Technology,Storage,Whatever However,176.81
ORD-1425,14-12-2024,25-08-2025,Nathan Matthews,Home Office,India,Port Lisastad,New Mexico,38938,North,PROD-1425,Office Supplies,Phones,Part High,641.17
ORD-1426,09-01-2025,07-09-2025,David Melton,Consumer,India,East Frederickmouth,Indiana,54187,South,PROD-1426,Office Supplies,Accessories,Measure Media,921.39
ORD-1427,16-05-2025,12-09-2025,Christopher Henson,Home Office,India,Johnsonshire,New York,90277,North,PROD-1427,Technology,Accessories,Important After,875.87
ORD-1428,21-05-2025,05-09-2025,Gabriel Alexander,Corporate,India,Juliechester,Wisconsin,25264,South,PROD-1428,Technology,Binders,Through Send,978.98
ORD-1429,24-11-2024,13-09-2025,Andrea Krause,Consumer,India,Millerburgh,Louisiana,39214,North,PROD-1429,Technology,Binders,Idea Natural,23.81
ORD-1430,26-09-2024,27-08-2025,Adrian Richardson,Consumer,India,South Justin,Wyoming,59459,North,PROD-1430,Furniture,Storage,Author Page,247
ORD-1431,22-11-2024,06-09-2025,Monique Armstrong,Home Office,India,Ashleyport,California,75762,North,PROD-1431,Furniture,Accessories,Structure Where,149.46
ORD-1432,20-10-2024,08-09-2025,Jacqueline Long,Consumer,India,East Deannastad,Louisiana,79887,West,PROD-1432,Technology,Accessories,High Method,696.78
ORD-1433,19-02-2025,27-08-2025,Kyle Santana,Consumer,India,Tiffanymouth,Maryland,67040,West,PROD-1433,Technology,Chairs,Road Trouble,321.19
ORD-1434,14-05-2025,31-08-2025,Robert Wolfe,Home Office,India,Robertbury,Hawaii,17499,South,PROD-1434,Technology,Tables,Represent International,760.45
ORD-1435,12-06-2025,11-09-2025,Sheri Blankenship,Consumer,India,Lake Aprilview,New Jersey,85374,North,PROD-1435,Office Supplies,Binders,Positive Draw,196.19
ORD-1436,10-02-2025,17-08-2025,Brian Jarvis,Consumer,India,Garretttown,Kansas,80920,North,PROD-1436,Office Supplies,Storage,Consider Heavy,100.56
ORD-1437,13-09-2024,07-09-2025,Stephen Miller,Home Office,India,Riveraton,Maine,97418,West,PROD-1437,Furniture,Binders,Crime Himself,832.72
ORD-1438,25-12-2024,22-08-2025,Kevin Henry,Consumer,India,North Andrewborough,Wyoming,33980,East,PROD-1438,Office Supplies,Phones,Environmental Arm,829.95
ORD-1439,09-01-2025,13-09-2025,Mary Morgan,Consumer,India,Jamesville,Maine,8147,West,PROD-1439,Technology,Storage,Degree Thing,980.3
ORD-1440,05-07-2025,15-08-2025,Tammy Scott,Home Office,India,Brownchester,South Carolina,42947,North,PROD-1440,Office Supplies,Binders,Career Wife,98.41
ORD-1441,24-07-2025,28-08-2025,Thomas Torres MD,Home Office,India,Martinezland,West Virginia,4208,South,PROD-1441,Furniture,Binders,Offer Professor,479.61
ORD-1442,31-12-2024,19-08-2025,Paula Sanchez,Home Office,India,Susanhaven,Colorado,2420,South,PROD-1442,Furniture,Binders,With Of,272.24
ORD-1443,24-09-2024,19-08-2025,Bruce Hayes,Consumer,India,Norrisville,Georgia,69287,South,PROD-1443,Furniture,Accessories,West Democratic,448.8
ORD-1444,20-10-2024,02-09-2025,Dorothy Scott,Consumer,India,New Kelly,Maryland,72586,North,PROD-1444,Technology,Chairs,Mr Argue,351.59
ORD-1445,05-11-2024,28-08-2025,Melissa Campbell,Home Office,India,East Shelbyborough,New Hampshire,45178,East,PROD-1445,Furniture,Phones,Pressure Garden,932.97
ORD-1446,30-11-2024,29-08-2025,Jeremy Scott,Consumer,India,Meyersberg,Connecticut,85807,South,PROD-1446,Furniture,Phones,Real Pressure,84.35
ORD-1447,06-04-2025,18-08-2025,Anne Wang,Consumer,India,North Shannon,Missouri,3175,North,PROD-1447,Office Supplies,Phones,Order Carry,775.26
ORD-1448,11-02-2025,21-08-2025,Todd Henderson,Corporate,India,Mackbury,Missouri,95312,West,PROD-1448,Office Supplies,Accessories,Green Peace,618.92
ORD-1449,25-09-2024,15-08-2025,Crystal Christian,Corporate,India,Taylorhaven,Minnesota,82445,North,PROD-1449,Technology,Phones,Form Computer,693.53
ORD-1450,08-05-2025,05-09-2025,Nathan Williams,Corporate,India,Port Kimberly,Maryland,14507,North,PROD-1450,Technology,Binders,Near This,457.73
ORD-1451,15-01-2025,08-09-2025,Adam Mckinney,Consumer,India,New Bradley,Montana,57505,East,PROD-1451,Office Supplies,Phones,Foreign Start,418.96
ORD-1452,01-11-2024,10-09-2025,Edward King,Consumer,India,Scottchester,New Hampshire,87121,North,PROD-1452,Technology,Chairs,Too Task,159.95
ORD-1453,19-05-2025,27-08-2025,Patricia Carter,Consumer,India,West Barbara,Idaho,4736,South,PROD-1453,Technology,Binders,Million Their,623.75
ORD-1454,07-01-2025,12-09-2025,Victoria Brown,Corporate,India,Port Timothy,Pennsylvania,60720,West,PROD-1454,Office Supplies,Accessories,Thing Pressure,578.26
ORD-1455,04-11-2024,13-09-2025,Peter Jenkins,Consumer,India,Sarahside,Colorado,15315,West,PROD-1455,Furniture,Tables,Nor Amount,59.62
ORD-1456,18-11-2024,16-08-2025,Wayne Crosby,Consumer,India,Kellyfurt,Colorado,36926,West,PROD-1456,Furniture,Phones,Before Outside,996.63
ORD-1457,14-08-2024,15-08-2025,Luke Bauer,Corporate,India,Port Phillip,Kansas,40090,East,PROD-1457,Furniture,Storage,Look Gun,552.32
ORD-1458,02-04-2025,28-08-2025,Barry Maddox,Home Office,India,Cynthiatown,Maryland,67015,East,PROD-1458,Office Supplies,Phones,System Relationship,947.63
ORD-1459,24-01-2025,11-09-2025,Alexander Blankenship,Corporate,India,West Jack,Nebraska,43159,South,PROD-1459,Office Supplies,Binders,Sit Professional,518.8
ORD-1460,19-08-2024,30-08-2025,Nicole Ware,Consumer,India,North Nancyberg,Utah,49800,South,PROD-1460,Technology,Chairs,Letter Whom,628.17
ORD-1461,11-07-2025,22-08-2025,Kristopher Jones,Home Office,India,Port Tony,Louisiana,54724,East,PROD-1461,Furniture,Phones,True Guess,712.05
ORD-1462,07-06-2025,16-08-2025,Juan Richard,Consumer,India,Duncanfurt,Kentucky,37481,West,PROD-1462,Office Supplies,Phones,Suddenly Little,301.02
ORD-1463,07-01-2025,12-09-2025,Lance Martinez,Home Office,India,Yangtown,Maryland,38455,West,PROD-1463,Office Supplies,Chairs,Speak Improve,782.03
ORD-1464,17-10-2024,16-08-2025,Terry Vazquez,Consumer,India,New Christopherbury,Kentucky,66573,South,PROD-1464,Technology,Chairs,Whether Agent,232.51
ORD-1465,01-02-2025,15-08-2025,Michelle Lane,Consumer,India,Nancyborough,New York,42933,East,PROD-1465,Furniture,Chairs,Material Kid,125.22
ORD-1466,30-12-2024,23-08-2025,Angela Hernandez,Corporate,India,Gloriaborough,Montana,68937,East,PROD-1466,Furniture,Accessories,Campaign Police,740.58
ORD-1467,01-04-2025,22-08-2025,Lori Medina,Corporate,India,West Aimee,Wisconsin,84077,East,PROD-1467,Furniture,Phones,Five Popular,365.38
ORD-1468,29-12-2024,02-09-2025,Tammy Williams,Consumer,India,South Tracey,New Mexico,29304,East,PROD-1468,Furniture,Chairs,Surface Can,221.48
ORD-1469,28-12-2024,06-09-2025,Laura Hunter,Home Office,India,Port Edwardland,South Dakota,23979,West,PROD-1469,Furniture,Chairs,Fast Mr,557.64
ORD-1470,31-07-2025,02-09-2025,April Lee,Home Office,India,Ashleyside,Rhode Island,99666,North,PROD-1470,Furniture,Accessories,Teach Voice,90.56
ORD-1471,19-02-2025,28-08-2025,Dana Friedman,Corporate,India,East Samantha,North Carolina,88437,North,PROD-1471,Office Supplies,Binders,Pretty Maintain,356.83
ORD-1472,18-09-2024,15-08-2025,Corey Ware,Home Office,India,Cunninghamland,California,83494,East,PROD-1472,Technology,Storage,Our All,797.93
ORD-1473,18-06-2025,30-08-2025,Alicia Malone,Home Office,India,South Sharonmouth,Georgia,98564,East,PROD-1473,Technology,Phones,Collection Force,88.22
ORD-1474,14-07-2025,02-09-2025,Jennifer Chambers,Consumer,India,New Barry,Nebraska,68882,West,PROD-1474,Furniture,Phones,Fish Support,473.73
ORD-1475,16-07-2025,12-09-2025,Donald Mcclain,Corporate,India,West Alexisburgh,New Mexico,88955,West,PROD-1475,Furniture,Phones,Ask Kid,122.92
ORD-1476,06-02-2025,28-08-2025,Colin Walker,Consumer,India,Chelseaborough,Arkansas,29793,North,PROD-1476,Technology,Tables,Receive Race,774.88
ORD-1477,10-07-2025,02-09-2025,April Parrish,Home Office,India,New Jessica,Virginia,26080,North,PROD-1477,Furniture,Phones,Professional Wish,922.26
ORD-1478,27-08-2024,18-08-2025,Melissa Soto,Consumer,India,New Michele,Maryland,98669,East,PROD-1478,Technology,Storage,Everybody Trip,703.04
ORD-1479,02-02-2025,21-08-2025,Tonya Simmons,Corporate,India,Millerchester,Pennsylvania,20722,South,PROD-1479,Furniture,Storage,Eat Matter,63.95
ORD-1480,03-09-2024,18-08-2025,Justin Kennedy,Corporate,India,Caitlinbury,Iowa,11912,North,PROD-1480,Technology,Tables,Watch Build,512.11
ORD-1481,27-08-2024,05-09-2025,Melissa Campbell,Corporate,India,Shawnton,Maryland,97477,East,PROD-1481,Furniture,Accessories,Special Easy,705.22
ORD-1482,25-07-2025,12-09-2025,Melissa Smith,Home Office,India,East Dianeside,Iowa,90016,West,PROD-1482,Technology,Chairs,Box Base,11.08
ORD-1483,19-05-2025,24-08-2025,Eric Cook,Home Office,India,Dawsonhaven,Michigan,50081,East,PROD-1483,Furniture,Binders,Break Play,900.86
ORD-1484,20-04-2025,16-08-2025,Shelby Austin,Consumer,India,Lake Samantha,Wisconsin,47581,West,PROD-1484,Furniture,Tables,Base There,886.42
ORD-1485,17-04-2025,20-08-2025,Jose Schwartz,Consumer,India,Robinsontown,Texas,50935,North,PROD-1485,Office Supplies,Storage,Letter Cold,953.12
ORD-1486,26-07-2025,29-08-2025,Abigail Wilson,Home Office,India,Derrickport,Rhode Island,55375,East,PROD-1486,Furniture,Accessories,Rise Drive,974.79
ORD-1487,28-05-2025,12-09-2025,Jennifer Ayala,Consumer,India,Alanside,Michigan,2994,East,PROD-1487,Office Supplies,Chairs,Staff Tax,563.37
ORD-1488,25-05-2025,21-08-2025,Kenneth Wood,Corporate,India,Rodriguezport,Maine,71115,West,PROD-1488,Office Supplies,Chairs,Reach Senior,462.89
ORD-1489,26-03-2025,10-09-2025,Jason Gregory,Consumer,India,Lake Rachaelton,Iowa,94804,East,PROD-1489,Technology,Tables,Skin Establish,45.71
ORD-1490,04-04-2025,24-08-2025,Heather Williams,Consumer,India,Emilyborough,Nevada,82883,East,PROD-1490,Furniture,Tables,List Build,63.84
ORD-1491,07-05-2025,04-09-2025,Austin Taylor,Corporate,India,Veronicaview,New Mexico,12858,West,PROD-1491,Technology,Phones,Reach Enter,366.38
ORD-1492,22-08-2024,25-08-2025,James Thompson,Consumer,India,Reillyborough,Wyoming,49193,North,PROD-1492,Technology,Tables,Research Why,483.12
ORD-1493,15-12-2024,10-09-2025,Kaitlin Cook,Home Office,India,Lake Jason,Wyoming,26697,South,PROD-1493,Furniture,Tables,Discuss Receive,100.59
ORD-1494,06-08-2025,08-09-2025,Juan Giles,Home Office,India,Kelliville,West Virginia,70323,North,PROD-1494,Furniture,Tables,Movement Law,529.46
ORD-1495,17-05-2025,16-08-2025,Michelle Santos,Home Office,India,East Lisa,Florida,62685,East,PROD-1495,Furniture,Accessories,Executive Company,179.97
ORD-1496,31-07-2025,24-08-2025,Melanie Phillips,Consumer,India,North Margaret,Oregon,63540,North,PROD-1496,Office Supplies,Binders,Fill Drop,414.02
ORD-1497,12-10-2024,06-09-2025,Jessica Frazier,Home Office,India,East Mark,Vermont,27899,South,PROD-1497,Office Supplies,Binders,Soldier Outside,239.68
ORD-1498,15-08-2024,05-09-2025,Brandon Rodriguez,Home Office,India,Johnview,New Mexico,78715,East,PROD-1498,Furniture,Phones,With Include,692.65
ORD-1499,17-12-2024,24-08-2025,Dr. Debra Black DVM,Home Office,India,South Kelly,Arkansas,63660,East,PROD-1499,Technology,Tables,Rate Member,449.84
ORD-1500,02-09-2024,23-08-2025,Jared Hancock,Home Office,India,East Daniel,Alaska,22819,East,PROD-1500,Technology,Tables,Agency Woman,936.11
ORD-1501,29-10-2024,02-09-2025,Carolyn Watson,Home Office,India,West Brittneystad,Missouri,63276,West,PROD-1501,Technology,Chairs,Successful Seat,585.02
ORD-1502,18-09-2024,22-08-2025,Nathan Flores,Home Office,India,Sanchezbury,Rhode Island,966,North,PROD-1502,Office Supplies,Binders,Price As,298.13
ORD-1503,04-06-2025,04-09-2025,Gerald Moore,Consumer,India,Lake Carlos,Washington,19377,West,PROD-1503,Furniture,Accessories,Stock Capital,81.03
ORD-1504,29-03-2025,19-08-2025,Matthew King,Consumer,India,New Steven,Alabama,92512,East,PROD-1504,Furniture,Tables,Trouble Girl,73.71
ORD-1505,19-07-2025,10-09-2025,Derek Gonzalez,Corporate,India,Lake Lisa,New Hampshire,89903,West,PROD-1505,Technology,Chairs,List Difficult,694.41
ORD-1506,14-06-2025,26-08-2025,Michael Morton,Corporate,India,Jamesside,Iowa,54457,South,PROD-1506,Office Supplies,Accessories,Rise History,26.03
ORD-1507,09-04-2025,13-09-2025,Billy Graham,Consumer,India,Davidville,Maine,2579,South,PROD-1507,Technology,Binders,Itself Strong,784.22
ORD-1508,03-03-2025,30-08-2025,Richard Murphy,Corporate,India,Laurafort,Ohio,15639,East,PROD-1508,Office Supplies,Tables,Such Offer,682.57
ORD-1509,13-10-2024,13-09-2025,Kenneth Durham,Home Office,India,Gravesfort,Utah,75399,South,PROD-1509,Furniture,Phones,Market Throw,33.53
ORD-1510,23-12-2024,13-09-2025,Sean Dunn,Corporate,India,Millerberg,New Hampshire,86267,West,PROD-1510,Technology,Binders,Everything Often,234.95
ORD-1511,22-11-2024,07-09-2025,Melissa King,Corporate,India,New Danielview,Wyoming,82915,South,PROD-1511,Office Supplies,Storage,Truth Stop,432.17
ORD-1512,09-12-2024,27-08-2025,Elizabeth Green,Corporate,India,West Thomas,Maryland,16253,West,PROD-1512,Technology,Phones,Meet High,498.89
ORD-1513,22-12-2024,11-09-2025,Michael Ballard,Home Office,India,West Mia,Oklahoma,31244,East,PROD-1513,Furniture,Storage,Kitchen Room,543.93
ORD-1514,17-02-2025,25-08-2025,Jeff Cortez,Home Office,India,East Chloebury,Kansas,38079,South,PROD-1514,Office Supplies,Storage,Few Plant,721.23
ORD-1515,28-06-2025,15-08-2025,Michelle Tran,Corporate,India,South Stephanie,Iowa,24690,East,PROD-1515,Office Supplies,Phones,Represent Since,823.65
ORD-1516,23-09-2024,06-09-2025,Jesse Fletcher,Home Office,India,Port Erica,New York,55383,West,PROD-1516,Office Supplies,Phones,Significant Ever,376.17
ORD-1517,28-06-2025,08-09-2025,Alexis Hart,Home Office,India,Cobbstad,Utah,84284,West,PROD-1517,Furniture,Storage,Kid Tree,243.37
ORD-1518,18-09-2024,02-09-2025,Jennifer Mccormick,Corporate,India,South Matthewstad,Ohio,34608,East,PROD-1518,Furniture,Binders,Appear Teach,789.66
ORD-1519,06-01-2025,31-08-2025,Eric Miller,Corporate,India,Myersborough,Florida,6720,South,PROD-1519,Office Supplies,Storage,Put American,75.29
ORD-1520,07-06-2025,05-09-2025,Allen Harris,Corporate,India,Nicoleport,New Jersey,52271,West,PROD-1520,Office Supplies,Chairs,Agree Black,164.24
ORD-1521,28-11-2024,27-08-2025,Michael Sloan,Corporate,India,New Johnathanfurt,Minnesota,34515,West,PROD-1521,Technology,Accessories,Effort Plan,335.45
ORD-1522,20-07-2025,26-08-2025,James Brewer,Consumer,India,South Sarah,Kentucky,38838,West,PROD-1522,Office Supplies,Tables,Business Through,139.75
ORD-1523,09-01-2025,31-08-2025,Amber Gates,Consumer,India,North Amberview,Pennsylvania,58230,West,PROD-1523,Technology,Binders,Third Letter,560.11
ORD-1524,05-01-2025,09-09-2025,Ms. Crystal Solis,Home Office,India,Halemouth,Kentucky,81740,North,PROD-1524,Technology,Storage,Town Hope,860.49
ORD-1525,25-01-2025,13-09-2025,Steven Roman,Corporate,India,New Cheyenneside,Oregon,45696,North,PROD-1525,Furniture,Storage,Require Oil,988.51
ORD-1526,04-04-2025,18-08-2025,Christopher Roberson,Home Office,India,East Arthur,Pennsylvania,88534,West,PROD-1526,Furniture,Storage,Another Yes,173.74
ORD-1527,12-04-2025,20-08-2025,Katherine Rodriguez,Home Office,India,Port Michaelton,New York,53570,East,PROD-1527,Technology,Phones,Next Beautiful,701.91
ORD-1528,12-06-2025,02-09-2025,Ashley Lopez,Consumer,India,South Craigport,West Virginia,61656,South,PROD-1528,Technology,Phones,Including Figure,916.44
ORD-1529,11-09-2024,25-08-2025,Kyle Payne,Home Office,India,Scottside,Georgia,55499,South,PROD-1529,Office Supplies,Accessories,Unit Age,672.39
ORD-1530,24-06-2025,12-09-2025,Elizabeth Santos,Home Office,India,New Joshua,Delaware,19235,South,PROD-1530,Office Supplies,Storage,Pay Remember,170.09
ORD-1531,12-03-2025,28-08-2025,Christopher King,Corporate,India,Glassville,Wyoming,55422,North,PROD-1531,Furniture,Phones,Task Technology,356.83
ORD-1532,25-07-2025,19-08-2025,Kristin Robles,Home Office,India,Jonesview,Mississippi,8463,South,PROD-1532,Office Supplies,Accessories,Summer Discussion,509.6
ORD-1533,01-02-2025,08-09-2025,Larry Newman,Home Office,India,Nicoleberg,Kansas,77602,North,PROD-1533,Technology,Storage,Add Seven,466.67
ORD-1534,05-08-2025,12-09-2025,Timothy Bishop,Corporate,India,Sandovalhaven,South Dakota,60502,East,PROD-1534,Technology,Accessories,Mouth Today,860.92
ORD-1535,25-08-2024,05-09-2025,Edward Arellano,Home Office,India,Whitneyview,Connecticut,18669,South,PROD-1535,Technology,Phones,Race Section,865.67
ORD-1536,24-07-2025,16-08-2025,Sara Jones,Corporate,India,West Teresahaven,Alabama,21214,West,PROD-1536,Technology,Chairs,She Voice,522.02
ORD-1537,12-11-2024,15-08-2025,Julie Logan,Consumer,India,South Ronaldhaven,New Hampshire,71326,East,PROD-1537,Technology,Storage,Hit Government,785.7
ORD-1538,30-03-2025,18-08-2025,Patrick Wallace,Consumer,India,Port Nicholas,Tennessee,57560,West,PROD-1538,Office Supplies,Tables,Feeling Provide,16.19
ORD-1539,14-06-2025,03-09-2025,Jonathan Koch,Home Office,India,Bennettfort,New Hampshire,44361,East,PROD-1539,Office Supplies,Binders,Reality Attention,145.84
ORD-1540,20-02-2025,11-09-2025,Martha Perry,Corporate,India,Lake Maryborough,Massachusetts,4093,West,PROD-1540,Technology,Accessories,Above Let,165.12
ORD-1541,25-01-2025,28-08-2025,Ryan Grant,Corporate,India,Lake Brandy,Pennsylvania,37440,East,PROD-1541,Office Supplies,Tables,Decade Technology,775.03
ORD-1542,09-02-2025,06-09-2025,Glenda Woodward,Corporate,India,Jocelynmouth,Pennsylvania,99484,South,PROD-1542,Furniture,Binders,Effort Identify,750.24
ORD-1543,01-11-2024,15-08-2025,Deborah Chaney,Corporate,India,Joycemouth,West Virginia,59099,West,PROD-1543,Office Supplies,Binders,Note Choose,586.54
ORD-1544,22-01-2025,16-08-2025,Allison Anderson,Consumer,India,West Samuel,Washington,55313,East,PROD-1544,Furniture,Storage,Right Season,926.87
ORD-1545,15-08-2024,08-09-2025,Nicholas Sandoval,Consumer,India,South Dylanchester,Oklahoma,87190,East,PROD-1545,Technology,Chairs,Hour In,763
ORD-1546,29-07-2025,04-09-2025,Anthony Williams,Corporate,India,Tonyashire,Arizona,41558,North,PROD-1546,Furniture,Storage,Cut Other,281.21
ORD-1547,03-04-2025,26-08-2025,Tim Mccoy,Consumer,India,New Alexandra,Delaware,88705,East,PROD-1547,Furniture,Binders,Another Attorney,727
ORD-1548,04-12-2024,03-09-2025,Christopher Hays,Corporate,India,Erikburgh,Maine,76899,North,PROD-1548,Technology,Chairs,Region Walk,824.22
ORD-1549,12-10-2024,30-08-2025,Natalie Lee,Home Office,India,Port Meganshire,Colorado,90188,North,PROD-1549,Furniture,Binders,Every Law,37.25
